{"file_hashes":[{"block_hashes":["t2hicV+HxqguKosKHuHscrRZIFgUwioR3HeDNxu3pac=","d5E4kqPjJRlmp5h/HaSTQdltfPs4TwamiLrPiso8wi4=","2fm9utLQ+h4bla96F5l0RH9aWosw2tZ3WqZQezBUzdE=","rADS3YpI759S02rQDs0/otqjOzbPYrM6mDw0RbYaXXQ=","32l0TR58Y6+r6KfDevV/pSsf+tawdvuMH8wbuer4R6E=","6YnmZdo52Rk9UtJF8PVigJErfJPxQct3dkRY9u36pV0="],"block_size":4096,"path":"contentscript.js"},{"block_hashes":["vBztQxQp+tT3UUxuNISsTiQ/ukDeOtHDaUEfAOUFtTc="],"block_size":4096,"path":"icon64.png"},{"block_hashes":["2FkQ9Rq++lmq2v9Yi3jQJcz9008H5ifAZq8O9Ie3xTU="],"block_size":4096,"path":"options.html"},{"block_hashes":["11NPutqhtby/ftSm5Tp1vJLTCyXWRgVDvtz8hkYdZTs="],"block_size":4096,"path":"options.js"}],"version":2}