{"file_hashes":[{"block_hashes":["ZXS9CcT7p4l3yMGlHP8N8fYBJf/VTpqyX6wraY+wuF0=","fJK1G3Gqbd/6RvABIUAz/BzK8ngGakXYYq+UBd7cHp0=","j9hdlwdCUv31cQrTy4PEjpJYfJV5Ql6k/Y3yJOpeEtY="],"block_size":4096,"path":"data/context-menu.js"},{"block_hashes":["+QxxQy0rO4BaPHtkd1EwoW5GbQRU8kA0W+6R/ENQYkg=","9GsQbjcZ5Xg/Nq1U1AceNx8ZGrzhW+kNQqlnIK9NG54=","mWY+vMS9FaBiq8MG0xMDIGX3Jf8JIqJoVy6wAZ9tbUU=","eSiuIAG2+eVVhCx28n/Xm3nqLupv0pMOsucBk69FbuU=","m9A4xN1dAqO8+XKvg7Ian4q7Bu5qNqXFZKso3hSI07s=","+hGVzW0UW12N/IZWeAAWcq95ZogpNPHuP8ssuV9HT8s=","sDNTRueMmgd4iVRhvfBs3fyB2EoPdbePf1/0OSgVeO4=","bJPEiYBw/zpuazW/UBjqhg+veKJ3sHv4+tac1p2Q7sk=","q2eeQetS5ZxHO/qKdwiAh++56ZaENYbscdLYeBQl6zs=","pFm9k9VHGp4/Uw0Li53Eeoc5W1wDfzhRqwJ3VzM1lKs=","MXnIK5GESxHTFvYV8Xywo4bDoNpA9NZzMfzvs5lCmf0=","5a1J14gOzDKQUcKoHWghJGCJLfMiWAUgadzTwPePKy0=","woQSd3Ixj2nwIfnqcc3Cq5bJVwUpqna38+ZgGMg88Ik=","n3f2re/0fknaGvj2TKeeVdhL4c+qSmTkoj62n3W33Dk=","HE8eqC+3bMJeMbNPB1MPEOAOxzUKW6ES9jsOvmXBGxM=","IC7yPtoNcsAKc6ratis64Yc55cHliHj4fMIaCoR/THE=","Wr2s0RdaHSMei2Nyc+/Cz2ylRv/VmLK43qGO/W2tqs8=","wD+y9QvSLfFiMXG/IXYe07o99kJD75cO/SbMh1hdM5s=","RqgWiv4UYsX/iXNnK7VnLLqUEoYhOy3uhouV4lrDJDc=","SwUh6+2/Fvajjs8ZNrt+ncf612K7ZJ1DjoPujFzBcM4=","5mEhXrM2Bd/XvHkt+VR2gVDniqGzI/gnbRXu74nnnvc=","Blgtl1QCQg5h7vfk6aMuiz5IbUP4qZmyudz3SOGGCJY=","NkZi2l4cJRpYNHGxPtj5bx56pk+1UkLBtWztJwxCCKo=","SHlGqMSoR7p4GxbDzdQDAi96ADHCfPFo8qnrXwOhXH8=","jzx11faE1L0eKPdz7f1wWghyGEelVrl5KGk7hYPzCk0=","Jrrfu1LcClwugQWTyOCzF8vjXp96nuvaxnod3bukt3k=","+FKH1rxWa4j018f5NHXbsdFa11+0G5aw0FgeuS897JY=","PeZOE9+WlqPAXpUQpKc21iM6HONGZ91CMRYNiqTloLs=","mH0UAjleGj0zCTvxaXBMMxxwcC/DP28GP0V1BiNN2Bk=","zWwWG2hcnLT/hbKBlPuIEojTG8WLn+plKq+HYM0CpWI=","lrxjjNoK4coRjp/9hFpAQKLyFxY8vs8PSBoSR02QIvU=","DJ39kGpNkvsNVfJMSbGEUowIK3dDeO2FAjD5rx6/haA=","pHTimSYx8I/DQ5nfRU8n7i1i7hE1RFIE5qLvexcDHt4=","JzxO0/zQ749nlWie4drrDIiJAutkQbDwD2HMO1iqfzo=","wVF4l+AjwZ7Lu845jWbylvHY0K4L5j6mlAoiWMfhsQw=","ixZyE+CDBbwLwylkgqPuzhDRWuF9gokDlpvEnEbV8nE=","ZHf/fJIX79cVyyVUkn8PAJHRD13Ft7f/SACwQ4Y33qA=","8oIndmxWZd+0q76LthrPh5K6SzIJVKv3iH1RWyzHj28=","uWoVlxprCG+ah8lwN2l2Fkv1sSueBqwLQar3U83bs5M=","9tidp6rPDfyLvVEMFWz7VNYDBOorHqRppAQrpABizJU=","ce4oih0BfQVeI897rgal38AOQffCOn2QqgnIVfhtCo4=","/xRfwFgfFXkdkXMw8xOoz69rtfJLLPgjgpHnSsTMcM8=","QkUGYhepxKVm9G4QQCJUaZNe+Uev3wz01jEMh/9TfaY=","/f2F3Enf4Jx/1x8h7DiwKz7hmtWBxLC8XbVyaWdIjmM=","VCfxrdzMd6iWTw8rmW3BPwcyDdXbpAZG0yhV8PdFvIU=","w7Kfw1SAJObyaWe5TONPaS0LpoGSEimMFDmIYGw2KJA=","AQ9s2J/9r1CFFluMNeQ5nPAN09Z1ZxluY3P2X6slzhE=","xMScMpYaC0kAeTz6wO+w3/pekXdV5WMS99agC6tUaIE=","5TxjR075Rb3a42hl88HATd3ELCXEdTXKThpUD/5ozFg=","wySvDOJBc/Xp5fnhfpn6voMyQXPMwRcw/CPLE5BFzJc=","BIitordpXlFBvIWtwNPBD/k1bipywpw1Fh0VO+dvoSs=","B7XOVP+5/FL6Nj/cDpfeBCmfuwOoLbUYPusIjHqc7eU=","lHkcBkqhQ3dRFDFyg+l3C8/Wuzp1VQhhwlK2UOaBqkI=","leNFHMLT640BNdZuI1F5cp9dg2Ce1A3G7IPf3lF40E8=","kAYz+bFDItS12FSq2mj2aOBxdYuUnlg9xndxpNdbJjM=","08xYv4K7l4ZE7WuqvfC8yhOh8hBMz72jzsRinwRPDgQ=","ncWrBFRlGro1XqH+r+bgeNYN3iW7l5v4ICvNLWzPK+0=","CiR3mRl2LHoBgDi+3GVWy6yaBdNgT7wPzT4ryH9jTMg=","KnUxSS+tE4BzBBn52KtkkhtlKhB1FlXmavcznLQdbdE=","vtV+8HxOOQ0xIg6gscEXPGJKzbjC8HIw0Gbb8YNmcUk=","Nfpsbgryi7tecpVhADwsD1HI1H5TlbozKV2NV4OgKcw=","qE/o8EGUNN13j62XJMRQ0hZaRfLZ96q/CP5kK+N+lJY=","n5jSR4RuOAnYrhzdEDjD0vaQCCwnna7Tor+4AGZlVok=","AbcmRC1Herkkg/pSRhBZNEBf57y1oS1Gz+obU6fYPNY=","LG9RxdBIA6qYWPHn+WDQAXeYhpx7I3su10CXlJS2DGU=","0wdPchDSFTQwwRNNnmAMu0DSZ26O/mKc/dcQGKyECz8=","Z5eU4WDlWjrkMejmMK+Xid1rdjmvUGnRYR0pwY3gYDM=","B2G454/Eqr48T5kK4Ah9XMU8tYip+HT/m+sk+nfGCJo=","vuNj1uQ8AdiU4U9X65/Xld+gk+fF/4dqhKUFNaeN24Y=","DgCUFvtfprTP3vm/baqSkDbwzGaAyDnxeZhwda0zUZY=","iMeN7DsDwLj1bTkgGPMIkiwZzdQ4+9kjlbIkPF65e2g=","+W2TalO4NhnU704qbxCL2MOO/3uuSr1FFo1U8aW8pMc=","iJTpz/cq1EKpZeviJ3TOOLPHKHkW2hEAFnErm/oZYxA=","1w5n+JGd/rIJie9LtPQM1HEijl0ng4D4hhB7cQoC6MM=","jkf8EL4JFrsuCOgZss1Qwa/KjPlT3Wg67tGuCQH9xso=","lrIVUBSZ0KbVkdgDcKbDcy8cCtEqzsnSRdLbAFO4gvM=","YPMnhdX3kI2EkAngismOIPhf/20diNR7Cjdmj5wW1ms=","cJHOBQqv/dG5/hUDl3pFo7Y9dtY/vfd+f8l2uqpw3t0=","gQsg3JSBYmv9Es63yfPQLJJSKAzy9Ejp7gDaHfK6urw=","AgxTDzcl3w1Z3RDg+fc3GDQf0BVmiAs2rKfBenkgeF8=","PuPVBQNk4wk34VewutLzNxausi0frupQ2etvP76aycQ=","Y1/V5UQGUSSD1rxvZl5dPSKZ/CKdC19h1n3KT5KF/pg=","oKs4l/4ubLOwqwbY+N4lpg6XtIamcjJ5mfD4G/hhvi8=","g4YVaTeNX1pq9iS69GcrPyaVOqkL+ClHJi/QL2+agFY=","Qb84oXvoHzYWduAZoFNLZgbyBGW/5dHk5tWH3eXp+jI=","j8btl5qd5yUCFphvhjNxWwmnxthARRR3+R3tjDhTJwM=","Zk0HAB7z26zEzHlNH3H2YpPdDdsT7z0QOTeL5WsbIBA=","j/LRZGLyx66yjE73yvbkZjr1a4/MVQCewfHG9OtcjSA=","rIn2eCDzxHULLaExpJEpvK3Z7KOiE+gGWwaMW1SpgGQ=","bUmLrzBIdBJy4svhq8SX+W8mhSi/xRrWIS/bbKmx6kY=","fm5aFyFalQrheEviscxM3i0xjJ2cbp7wtpOISpKLh74="],"block_size":4096,"path":"data/css/common.css"},{"block_hashes":["WU3x+Z11KtnH7dYi+z/qKfMfhS8UxyMDombkjcc/HHE=","eNHEl3Vb/R5v34Y5aus97ZWlNvtKCROaWKDQZlSwNBs=","ljQrCM844u5I1cbNMkTyqpgkznrIfqgbWZVkwyhfo38=","3Ls9e2uZptODVVlL4NUP3tfmorBWdq1fJc7bYSzOyCM=","CcaKBREv4a5wYcf8bxIP0s4ncWF7r2LaBWcKS/NByRI=","GK3pW9sPmPtwy3/tlCXK9oC/Q8B0s/FdYyotp/lp/u4="],"block_size":4096,"path":"data/js/common.js"},{"block_hashes":["xTDDJcayXqWl6Yni92c2iGQh8pRzKvlQwAekA4JY8qo="],"block_size":4096,"path":"data/js/common2.js"},{"block_hashes":["Cg7kmTbYN0XtLH+vq1W6CYEEEEeqhUys2UhJrWdOXXQ="],"block_size":4096,"path":"data/js/common3.js"},{"block_hashes":["3whIeXi4JSMNrmqxp94XF+7HFRb2JF26F+bFg7rPT2Q="],"block_size":4096,"path":"data/js/common4.js"},{"block_hashes":["Bn5iSLB79hrINpZmR+gAw/jSeWyfKmrbjetGueYCRnI=","Ot5ow9HmJfhblZLlpblEVizX57KrRKGFLLmG3ftZ0NA=","SWmfpJ3sjNiVeC29/VYMbXHIX5stVmHNQMAL+EkxWHg=","IGQN6CUeqSQXljipavDSCexWGVqSvwpJhMU7hCW10ek=","IkzEYrpLPUwRHwqZy+wqzXC3QRH8Nc+1uyvm/+b0aTQ=","EUm4A1POdfuKwngs1jm11yFQOd3UI00kZkttdLVhgr0=","fKq9xNnaMtHTBp7pS4x672njzpKJzapj2g+IpCDEaSw=","plVb5t3Dc1dPqt35MbP+16aBNjo6LU/5SCRB0Wwo7rc=","IfySmZfpd6v6X3hVAC3npsuV55eiD42U2I65Znto0n8=","WDIBApS9xcWXZlGdIfAeFdb9oqIizoeAxZdAzzmoCko=","j0OltUJZH71sP4vYf/lGP+vm5QB2425btgd/M6dJrT8=","rTwUxdOO/8LNgk1wfzh7dB07KnPeyNHJExI0biw1Zmw=","sQSTPTGTtzSPjUQHN7baFuGReT650/2w6TuRnAp/XxY=","vmd2DPCMd3HFpO6oJ5nGLZCncKB6wRqsLADdxn8P5lA=","gu99m1LFmp36aMf+6rSJ5Wiqne4kDcDqILUuXJvBZFE=","OyszmDMBqCbYOZfclHzaqlcvjI1xu4R2zcuJc0soLnQ=","2ILJGMCliPWZAP5ebXIq+Ufh2z56lNoM72wmlvSw3oE=","Gx8f8K+ASNt2GuXuvtzvfqU/KpUwLNGHlNIIHLjuknw=","L+PBW+fMlOPp/SWFbUGme7cctA3CzyH+WkgjS8ZIW6k=","5Eq1oqfmBFXyGsUGWQvJm/z6LNIZGYRT8qWI9s0jxFs=","T2KKWMtHuINT+t+9Uc5K/ZpAuLHp7iVMteQ6tO+VsYs=","xd47AVYvARjLtLumWmVnfeJOssCmI421g3rqTmzvmWk=","5ARvIPr3ETniceVCLZC5g2n8OdyO+GXRPXWHXysATmE=","Tjy61FBdtqJ4b3p90Uv76BIZekfxcWJQCoQFFtM48QU=","EkYQ9Mw9V41OMfnwPkqTCtW1mFmt0EA0DuIEN9FKowY=","V8hlK3FtAEFtM9vSkxDGqntNVteLFqOldSpTQ3OBluE=","qLhmZhiNCts5AAObSmF/2JXbCqJ8T83cZsIpnaUlUOs=","IC2z5ucElpThBAU7hZv8plybxVCayGTJ3eJ6ODkMP9w=","N49Ag/6FyFa8CLRYihWLdpnzTIvWVCqzANixPXNXKRg=","oV9/BYe/mzRFP5hEua6GVGC7ohZCilJv9sBPdwfhlUM=","AMBglu2JlZ06TByyk8bqv2l2k/O46wARsNaoAHvSIDQ=","19vhxfREQCI8al7AvnxZk6ByO1xNaLNsgC8WTAYVEME=","ptR0CGBSSVX/RhNJCtCzxJ+k+vcrJRF1u8ovlSaU6M0=","6ZkZExAIllhTJ27aqmEdwRVWfDVrB55ZHKsRFt5E6CM=","MUuVKqWkXXrNxPf5hwM1JFHGnOjD57XVbkHqluYqn0s=","MV0DeqGdWoBob4hpc030d4o6QvfpGbn744+0iqLy+gc=","TZbKPlzLIPcPd65ALDY8B7cfwFoYKb2CFgnjCLahW7A=","FFiLzovURoPAPUGDQlnNeSo7WOcKMPPtlmjnJufzj8I=","4bM/e6Mn7Ym6W2K7w9V/5rOtwyNBjYqb6I4BGSMJPc0=","OdP9TjjxjTbX/tYd+piBmitk0aEXRkkj60M1qU4s85I=","fwNw4pSkIPSSW2wfZqYgszqdTwz33p3lIo/ucadE/xA=","1k4rwgLp4Fm3zW/t36pkkh2ROo22mvHD7EaKsaP0TUk=","45ojAumL4dqltsZbylQGyoeWoqCwYq1mqdEdpE8nJqI=","lAQUy8hWzACNAp1AptwKHtgQsTIXMP8XSbC4KADGKto=","D9d1+jhs/nGvwyuAIE4/bdtJ06p7OjOjgqZ0HysxRNo=","1+S9m90vOsCHTx7w/qiFQuqO8vBC5X7X0UX/tP7m7Ds=","1/Ck7Gh+YKr9zzZHY2gdaCgpl4tDXTM6xMLXJMbWr4o=","Gfifh5bXBW0pP9wWwhBJxf8CLL170acm0tzCVewfgIU=","ufRnE6PfmHKDVyfeogOF75bhEpg86aobGgkt8FqTHGA=","lSlxXuIL2L5NGhnECGC/MLZdrMHtVK2IjwrAwZaoZvQ=","JhhufsU0SbnJy/Zx1iD2q0Oz6xrI5sOAS0OQLo46ac0=","2/f3zgbngIVvwV2p4xmtQ430Eh4SXhiCRUBZVYqwpnA=","8Hv407fUPNWVsxtIRDnBYOpDAtTDt2a1evAttWoUUu4=","6Piz4Hd0mPeNf5YHAxBp4VFEFwECMhfn7IPC66xTgdg=","/9h9d/49mGKmgV53yXE1XXmjyxrn4ET8bxvhfp/O/FM=","3R3/MIyyWLWZX6YzGnUqB7A4F8MzERwEzhkc4/gacGI=","xbDbxXbFkgtCM7QV8sC7DaN9xxaIaIjZXBrlqrLR/+k=","3IXPAkPfT1kigolFbBspYjg3yITaZIwbW2vhzsfbr5g=","IBwBTXFvTwGfBER4R/DFPhBxVZYDyjXV++RXBWTiEXQ=","2dS+wKP5D1rvRsIBTw4v630yp63+o6oM9hxIK5QValQ=","JPcJMZ/dHLIoYCHWL+FzNefss86TD2vrSN8CTWgeKlI=","CW8vDBjg3DOPjJPrAphndDkHLPNjtU02d85TD7iRKto=","7rvkUMcsH1t/B3RNeHGg2lH+OYMv3Bo8bZLs4ETl5rs=","w/77cuv5n9Ycq7lNhiH6FbagoZ3kl714bm8IY2jW2XM="],"block_size":4096,"path":"data/js/common5.js"},{"block_hashes":["t/mKnT4ByQGVtHx/od/xw31WwuHPlAaWuUlR2FI+zYQ=","jQ3Uvv9RDRu4CXjIwUTOA6PTEiDU5gRA5WEDONMt4RM=","H1XfpuGUZKHJ6Mbv6skQLEb+85y4oR+desLimE8bapg="],"block_size":4096,"path":"data/js/common6.js"},{"block_hashes":["9iiaTULx4+a5mE83jm+8oJj0ZW4pXRBrkNQTku0BnP8="],"block_size":4096,"path":"data/js/common7.js"},{"block_hashes":["67c0WiC3CuH6mdqvWS94gW7e1OhKdgnJEmwpEPsxZtI="],"block_size":4096,"path":"data/js/common8.js"},{"block_hashes":["wAyxWWFHNnB2AK9iin0919FJdDU6FUyGFoaYx31xJlk="],"block_size":4096,"path":"data/js/embeds.js"},{"block_hashes":["17jeiso4ffYlVaig1i6B4dS8+22OLDYgtsW/wRT+228="],"block_size":4096,"path":"data/menu/index.html"},{"block_hashes":["9Gq8nn3oGZCffnpzvP4nLKn6yDpwgmH6b7f2tvkqAMM="],"block_size":4096,"path":"data/menu/script.js"},{"block_hashes":["QSSKgEJaHNUkIhsPZfO1P6cyfVPUDVjQPtP+I9HBOWk="],"block_size":4096,"path":"data/menu/style.css"},{"block_hashes":["We2awY5XhPxIP77LGvKpdJZX9Myh3ldN7LD2JKHpMv4="],"block_size":4096,"path":"data/options.html"},{"block_hashes":["fS+SgKIcooKyb3I68EIpHZVGASqtDzreb1CjtrIDpw0="],"block_size":4096,"path":"data/options.js"},{"block_hashes":["dRYSvUSwIZrVIUgtqCV5GyGRuVjRAGcUuQoDvddwLb8=","lWM46juLxHbnj7ZinwPODMK6UHC0wfeL8z+nhbpFKak=","Z0vaFiNFt6QiwLnDXZeAsLTIaAhEEE+PvJCFhAl+Egw=","cbzZYKvp5bEUpL43cjx9lIi9OZrQYC0c13cwQPDaxC4=","yr+uufIhS1G3X4pumM49BSMOvCD7efz+gRKxnqjVSaE=","nuy5Qoni1FLHI/TuZS7QqFojCD5STmf2Mvlw59yliPA=","73bpxmsXv82XiLnU690AYZW+jJpHIwhGNqN1IbexcuI=","n07zctKkYTPAfIgGSlV7Pl2wcJFwEE02f5sQCRqTiLI=","53C0ojLyT3XR5YbkhRMygp9S1Okk/+ouyGCrnzPJpDs=","vl+AREOQBMzVrShK4bUbMgJaSqBvod02emvkZfS//g0=","OmIg5au8mT582fxNoNFKxVzXH58MynnjDU3kjPa75A0=","j3MSiD9GLlGWF3RGO3nDocSFyoPNMINWAP2Ed2i4eto=","rg+5QOvKwqIEz22daKsaSRyNZwgSXvUIw1qAx6/hCbk=","d9+0lI+rK0PYIsHfUrELkeO4vRzr3OQSbT1dBUyGQoE=","JUHJiZasj1h3Ijuil+nys272UYh5p4GEOYaZaB2lX64=","YGGNNFNcx2xJx41C7oGlhLowbBIYgN6wRtkWOWAuELo=","rf6lnpKs6YpJOIQ2wfUC1g02wjhRnZGjw5FSy40SR2Q=","/QGH4yV+qfQ/cXjYCU/6yUqNHbxc4EOHvbQChH/B5ZU=","cryHF6/+p1rY9cwjNigyDhl2EHlqgcLc4PEY8k1yz6U=","8tAMrushe9g74jFso6gk42wGJkmZxKygpRkc/svLo4M=","Wl2ineKnYUDVDdeuAs2mMoUmTgeCY8wMoPFmQHOsMfY=","2JXRLSyACHBClZ312N8RTmLfMiNPtTtgmFvFAVq7Bsk=","p8GQIp+KB8DldgYoPg6sbE7VBxe+0atoxRbhnd4zbo4=","NSDlISUgcKXV0vCEobs5vY7j3Jm7KlO4A2SMhcGl3LM=","gATMzGKR4K92VrGcRq3aBqiG5RWwZ4RORZwmjS0CxYQ=","U6jWh6gDOFP7FTx9SEui9zstpLTK/79ElbIq/m2qYpU=","9Qy5DJgTUrpRKEI3++EaA099h1TW3GmqxljMjAtql0A=","YRrwyyHiVKPrrFUQ10oC6hMNqAOrjrYfWCRWm4jYtsg=","kzy6/Xm+/FNclTAQi/jPL2jy/jKmpMRmkk8Zz3h2uQI=","EvePp7yswKS+dKM4IWSQ03psMRxfmSAP0IRGc6GgMrs=","Iz9ZtTYKuG0Sml/fnLfc4qSBdzm3AiXCPlI6O5THSMY=","D6RC9P2c0NMbgn2JxR1GS025X83pubVwsxRfLUBQco4=","7+qB0p6kN6wWzqo7gUy3HHb7y3Nm7kjdJvOhKUlG68k=","WFcrPQzIJt01n2Xr41gu/JSSMm3cbfwyK6Ix9AaxO5U=","U9rbBZSQ21MrptQij3qE0b89RJWmJ3gP1i7Z4moDnnA=","wNZOpkf6Grl+vLDxu+DJLMbUdLxKwsTJu0DENGSvELU=","wmfOcrrSBAWr3rrKuM6p2PKvF8NtU8OXUfLhOXRcs2A=","ZUXD3U3uPIISXpn8DATmsbdrmrVL1JSesmTLGVg1ud4=","Rlp4yvi6u/cxfQa1l0xfY8DYqgGRwttMosC9j0q/QOg=","Njv3LD0xXviNpNEZpDzRin5CfA5p0mvPc76oxs0x1wg=","cVOXEBh6zkNsnEjyxWdUcctKr5HYLCbyvgKw1Q39fX8=","L3n9WNgyaOVfz3BK077TrCeru79abUSzD7T+wATcYLM=","/TlT7v9v75d0OjK4s8fPAypYm1ryjlxRLlNAv4wY1NY=","PRS58hPgrvFI1SmkUC4UMOVDW6e9IMyRpOFuykdYbco=","5pR4r7M4ey+wdUYzhM7Q7lz0dxi0JzhREyXis2J4dhw=","4qsemxvRjFabTZG4wyLFluz/UHEtPXZn8XVZHA/norU=","lUYuSflQ0r6J47sloWNnZ5Yh1WGCD2NQXOEx00Kbjms=","SE+OmEMJYXmQ+Q1eUO308HsP7EBem3HSYZL0j5R2uj0=","rjVIIwP9Zgovl4Lg00rURzbzs2dN2XM5qJhcSSrtwB0=","A3lsFqgRmE8CBdmoUlk0s1dOnehiDOutDl+vKxUUgX0=","n85M7OQ5nwKM2c5Tk9LPEmioT6Nd2QdAxFH+THA3I8s=","p5W22sYebFSQcv/l6PHkyAFOLTFBPEoXnHNA0krWoa8=","QT5QWSKcehdCd9EQTxQaYuaaGZs95S+/oRdN/Y1Em4E=","/Npu6gEuJFWALunkojTUbS+aBuGFm22TgTn6zhkdDX8=","ZoKwzFuZrp0g0tit6l4M9iFvE62F96/beypKcH3EMv0=","83BNItFto//FWX2bu1csk5XXNlzxhgYiID8BiKcfayw=","HuT5mNbQXGClBLWeTDy+6rSYtwWwo1OkOYgTiX83b88=","Gc61SkbG1WdWxNu+EtX2OgkuRDPuSFfTJJYGPbqMvjs=","XHFFL/lLIs88JqwIi2u0ruz7Zt8dClieUW+XH4lsKg0=","3NGG29/2pLLdJWCW2LJtnmaY+9IkseN5e5FSYX0Y+GI=","mNC/99l7kuRAgM0rCm91jb/G3P6Cah+uImK4yjCkFsk=","PhEmw0sSxwdsr4oVbg516QiEyGAuTBTys2aSvM8qohk=","wxBNedvu5AiQUO3SkVD/Q7yS5FtkzOeF0EiqVyq0MOQ=","j83C+UC+rHWiZLlXyNWFEBdSX2swKtVh9cTP4I5CjGc=","lAzmPNCR02uH1BrtGK62ByNKsFuqUR6lg9L7qPYj+M8=","50C48lovDwQfXNYCX26HG8TLVZcGF5m7oeorNH67lII=","FiKHO+JvWdvj3AM0SQEyA+AYQNLlhn+x2nMmpzUDBDI=","1zFeGHtG4zc5V9eGSoxGYrj68hWyvR3mz3CiLMoab5w=","YzauK29GlSxuXk9M5HwyT/UyLI9XwNQjo+/MZ9u0CK4=","gRN/Wf6Q2pFIkS/ld8Z7nHThVvKYzZ5+hlBOxxjtUEE=","HtVZZQRTFXE6h1b6vydjdvEAuXiOCECWvJ2+SnfSFkY=","JGfVwt6ZhGOFZI5vAJ2uzqd/ALzJnJU/psuenn3W1T4=","7UEpf5lv1Dxk8PmHb/Ke3celJwkh+qfdUZ3AngFOQOc=","KYBDmjVI9qq9hiqOz5vILit9LXFOLBHoYy40RJwwuyg=","978zJgFCr9VZejIKq6eco1pOkhBbHsl+DeudewqJYMQ=","XJvOoQ5UGHmhjXk1Jddcs26aN2e+88Nr0w/pXjZ70fQ=","QC0d7FHMEdhhut7m17XnHyVppv9+ZGemQUBgg5oUHfw=","+z6YkgqLYmL1l9rvznF9g0BeUIdqJrqTNEKrILza7Lw=","taR6C5N3zXz1D3i+7bGSmiW2R6kHgk72zHbNcrucsvs=","CrdWCY2KyRPUT95Va3eZv+91Q9ejzByD/YbJ17OI8Ro=","K7Kp9kVgw3PyW3cwjicBDCafMKMDRnYdyhuiknbRSBs=","Mx+rHh11bFC/KcCV1wq92YZRSnQfl9zJovInCjon2Fo=","UoaV1g8kK5C+iY8UWJvPjRz80Rq9ORd0EqSzx8QZ4Nc=","1PC1hDgTzAzfBJV099RqiwwN4UJyk9Ttc0MIUGI61GI=","MItn1NQoq87DfLjx84WvKdgQnqonLz/OckpBpFZio/4=","LIMHYxfxB4q0XkgaocAUgdk54jsU/gJsiSet/3VrO68=","HqAiFY5klc4sP8klqyiZjLHmpjkhYkpK3CcEz7XBzEQ=","YyrMt8WhneKbanfrKvVOTH0IS4r6V9ijkGbeJ84ff0E=","j0ff4EAjvIgEl2znJaXfeWVn/cLsPyz6cuGDp92DF4k=","LHIyzpKO32p5woacLME7wql766WW8p4eFyMk8eP27Fs=","zexe9/U4aaUF/aJSr5yTFhEWCU0szb2DvwXClVMIkG4=","dP9J++qxHajNup0pL4LHPgaEADeDUJPxL4AbnCa3zTg=","X0x+Weuc4eW95zsUW8HQA5JwY8e1Qen6uezM5KtDD5Q=","sX85wZZ6179vAEGCLYgIxTrEsiLcdMbAAnEqfkhTehQ=","lksOBqlN3Hx6+Cjj1s189zJpMMB0RvFGFFKYg1mY5O8=","0qDX1qRXloq6Aaz4/znB1cUlwuaobOuClhl4dMcUoxk=","i/bfRGiyjVMmQuyX5+QpiYTqtGqcdrMOnyWhoHOpMO8=","Q0d9gwH3BdQdh30blVZrfFbidcTOr6UeDmBOKKriQuU=","Z1nbu6fOIG/PYW8hNXtb3Ph0snZ0gz1m1QRRokx4Tj8=","J1J1LMSrAmTy+R+UWQKDnoWHQbTJgXe74vnkYKJprus=","DJNRdAuK537fUyH+SGnfyPERYcqXYrF7bYjK9zZFm/8=","0NzLGE1y0qmpJzby6lfgcNgSFjhrjvw3lv+GpPyd2BI=","22UDm14D7G1Qve+QDo/WpT+WQLK0kMgGMiyVLoHTgWc=","z5VXu13SrL70/nQhUhL6zQSndQjcfWPc2W19jSTKkds=","+8CPIqOaJRWtRUHrPnpT7GeJbQbgxBrvDO/bT+7YUjg=","ccSJwmwQBorm2gp6MZo7Md/lDyoZR3ixuARggq6H3iI=","XCS7/LcJbqe2xiUUIZvX+wSFzXhW0le/53YnpzM+2ww=","4S63EE6STK/ud65PYhcKqnhbpjGVYa1fUkw+h7cKiI0=","G6+RSZyfstzauHRldop3pAwWuARm5rTJMmkrQjk+Xj0=","mtYddCLDgIM879mJyUcn9WbC8bzReT7B4G3kyZfzTNU=","osiv2u+AbDzE499y61ilak8L44lWWk4sjDOeWmMsUL0=","AYuY2L06g65G05IlPE9ZjKWq1RggJrGtkUYAuZ/qF6g=","NTb9fYRoWQmw+rsbVk6pKrtSP0RfQf/ZytH3yRX8ES8=","YtGhWcno6+hEMY1yIhSke+jzkoVrs1Awc6F8AmDAl0g=","v8fkKDXsH2pgCbZfx5d0JhFlAjJ/KXKY9M5GoeroHYM=","5NhcJlxVVwQWvxQvPPywyrm76ezkZDol3k5xD4n+CM4=","0voriMUf/BurLk5CkbrOyF2BIjH+TITAdpz2op2OxWs=","dNIq/g/jvN5D5wF+isIryl7QMHh5J4fH4ghDDf/Rh7g=","AZP4Edo3wTk96gNrexj3jBT5KtgRD0XFVv7UtxNbfG0=","4l2VrkBo6f0VrInEt8f5TBWYazV2oa01iQhwUydaEa4=","iACB4hIJIqDO4gYx7NLpDnZWaA5OiB5XiM1VmpttN48=","i3vd3dHB0jDt8V2il1iYS02u5jvtM7RxMt5dMrAuZA0=","pvR8drxPuR8TQbjOnfnHHw/6bXqo60KWLEIbiUMiU2s=","NEzU1Y25BMMHX4NhXftMPgWMWUw08wY7OFoFEWWeLEA=","HNI1YgeIFgx0YCOFu6wnN04Y5mPrwVfpVii1dmXiScw=","RkykpPFg6SjZnVuId0RwlXTuwdgrLdrw5bwTM/748hQ=","90NML4l+7b2v96tBkDLDDy8RvgelJWbcMIOghvbKqdw=","ucNLMKYG56urLrBoYh3GL7ZLKl7CIsp/faTXZRwtfow=","QRLYH0xvdfms31Q7fO+zsHzGBjsi2jYN0ddqFW51Pms=","/OoHuyW0gIq7x9Jfd8l3hzKiVR6wiK98OmZ7sx/e3hs=","OPtBwE1tIbV/3n+6EgZqefzf3RczagTDa/MIEBfLfp4=","5pi0rdJRril8awd8klXMaqACN+B3EAmjBX0m0/lLmSA=","tCy2/0sJfEmOwzl5aVujB6JbHGWDOG/vQYZQdwLxgiM=","f+48mk+rdnIn53EYsdChu1vC4exKkuxHYsIKEsWxRgk=","FYlZO6pTjXQalGHPhK594Pu5BPiyFlz/G1TNHlokL8E=","EuUtX98ugkExRBcM6EspIjyLvuxbgA+qPBCG1tf28ag=","+gJ+yOA7FkkysJFzVEC9nw142DH7xj9nccybcU2j240=","3u+2kDLULGBPVo77oluKMxVSfEDFBfdBgeYNVlcd+0o=","jvJNO17ilGlNF3EsHCyzjdvN3MLhSKUdFzhHb9kj2Zg=","UfihMpabmI7eVbA2k50KRNLnEv4yVuwWJOMREGmzXTg=","CIxrypEVpM613oZVZvPWQUeaIi+WcUkgsspmxAKbNp8=","ffh8dQmmTMvZprKBlyP3bFHwqCKSt7lmh5olrPKn23g=","+pFJKd1reuOGTHHVA08WOFH3NIU/jSAH+f3q6YJjiUQ=","SE7rbC1N89Cqr0uI0EEAPCUwFrmX3aGy1FNIPVEp55M=","V7IEEZ5nmJ3NOvH+0Yw/EvIeJvapmTPHVEoFDmt5vyA=","Lk+6beNf49rgchP76aO6+BfBm9WqkVawNv9z8CTCy4I=","KA57cEJysyFIgDGkxl+NQoQHbkj+tiLXMFNjYTTixhA=","9xgqPRaJrCcBziLIREX7dE7+4/1gcUz4uSuMumNvHTY=","cgpZi3h8eTDOHdbYb2ePIRwUNzBwq6/eRIpG5a8dvyU=","7BZIjYUDGwKyU7zTx7I3xPmmPL0tuvUNQrIbFadfxds=","YpgYYUwwk83wd9Qt7okbCr0h3OFmncQVFeDWkQjaTGU=","BJLniMEkbMA3LVgnmcYM4jP73fzWi5GYBDRrg246sSU=","UJs+F+kKCjkwQeZBIVuDiX7uT/cuidCxAGzMAfyR6m4=","V5PRvIBhiARl9QqLWs9mH5uWcHg+VpC+WLXEK+FBRSg=","o6jw6l6ufwRgPxeohzSCRjrcFfnCQ1zgW2xHnajm4VU=","jgRpXL8CGAwBHcEFnQgTcarAAuENSg7Gg1GI0H2+Xb8=","mOuMts6O86KUZH9UeOS4w9eFovHUEAd+kc1YM+dVGl0=","HDJgdLGSU9st+cKlF6U1vxNF9CB8BxhbCMgnGzdSwOA=","PYAl/UW/OXu0jysf5jMeuD+MzJDjdVQK91j/AQpXXDA=","l/21r81sHKB+re/41JmYVJYldEn0qWjpvvgCH3yHcvo=","BHKGodV7jNmOBX6wPoPHvVEVPsqQDqbFxSkCHVxDAIA=","FsoF7inVH1A0GSbh9wN+ts0p9QnkE2wC/MfR/S1C9rU=","e9EMMmVvgBLQFRFVQ/EwUUPSLApyBsmrl6eCBzSNWJY=","HPepugulNP17fzoB3ZrKzTiyCXCT6/ZETi57F+rkfLk=","nPwwofJVjrDiIS79a/+zd2TXT9vh3wmu6akF6o7FRak=","EukY8PUl5zkoU9smtE27xQJSwc8CNHspn7QyzM9qZ/0=","q/e9TcFOhOcJlq1l3JmcO37nrLQO32aZmH3nMbmt194=","aAf4/IFVYx21Zoi2Y4J3ZM5CXFVaBVIs4/cpWWb76eM=","uPcDXWzA37pOJsIaclL5vAJPtCaRQhmDBRKhRd74uUg=","YDCSgBPbtDeofba0Qe97BadZBIOu6sSDKAv3+IfGCrE=","sBnrkLLfMcifQBDN2RNikAOIyR1yRCA38q+5hhUrcrI=","9MSBqvNZFfSZrxV4BRxTE7DjVjgpr2cJP0OB5aETuLQ=","3S6DptMYj2Og3FMU8W5D/jSkaxbvQQKqxjpLEZ8wjio=","j9ODymZqx0h9RYFpAdPFFNRYrnQZYp7GuU+CBZ78CCc=","3caHOCo8NJw67VhbVOHsjVGESXYclYn5hVoNqg+cXiY=","twhqZ2O7SBnfQsGYvxmEfAPFI5WBwpVkSvjEXNRtmSk=","IhrJwu6JbJoFjNANkIcn1pXz4IG5DoPcnj0s69hJPDc=","GGiqCAhrmT5xe3WIGITJhrqhJoI7g+cfeUV1BJmX5m4=","6dB5cnFlDuUB0bk+npkUYH31VOxAK3tBT3hHCEFXY5o=","WxoX01I4z0KQJhLvTq53a4IfA1OaNx6NuFpnrlVUVKw=","aiTY+fOgbJUakhwvR+ztvB/vw3GLQCKvsP2jNbebamk="],"block_size":4096,"path":"data/rules.js"},{"block_hashes":["mrMPtvweY2b6HdpyMdZCSJPDx3pIpraDCbvLzR6u6xY="],"block_size":4096,"path":"LICENSE"}],"version":2}