{"file_hashes":[{"block_hashes":["ZBLg1kntPTfgXkB01X/XfEHgdTNI9DvfpJsPiSg+HCo=","P9mYPSqkd6M+SNj7q2I3FelAZ3CahfbpEZROUPng1f8=","w4mUHkgW1GddNZ8rigBfgzcj1iUz+lguxZ6CaAHNbfI=","v+2o9DSFhZ5mFLrSnCIHyDHr9zNOVKe7akbHYxUhGl4=","fzbLD1hH7gT8a2EN/xf5CndW3WRTx2VnptLx0rLAlSM=","aJAGe3h6s+ClG0FCqzM+4We4Y70OQOlNlTD6FLb4IHs=","/McYEemQm4HjrJ4nLpnNpyBpgf0M2JX49Ai2q7kEpz8=","NqZnqEmhVuCDErQAot6CuSq5VdxGcVp6Y5iopwa1qJg=","QfHS6DYj1jegGgZy/xxPBt1/b2D7sMVfxQHKQWuSd9o=","u6XjMH3i0xAC4VPt8sHV1PZ/EmuVBrhTUrRfYqBZPhs=","fvfc649JKRwpzC/422RvlXqgcZLmRNneSYVzgZDWh2E=","k2YZmvvr0WYmtX40LqCRIHp8UaVeyGkTh0pWChnvfRg=","ESzY5TUIEfZULFnmtR4YhpmUbxFuS1fWkM7Zoq6nWIg="],"block_size":4096,"path":"history-tags.json"},{"block_hashes":["lvNppNOxsZ5MhxwsGdVjec3FBIDQf4SZmA+gmnamwWQ=","w68yKxeRQGM6JegdeTu3ExiINaoSFELjJ/MCbhVvBnY=","Uq2Yk9QiAtJGd3h8GCHCMRsOSUGfv676U0lOF6fJc7o=","YgT04+7zvDhUnk7e0sjeSq9x18ksU1I7H77Is5k6mg8=","95W8jSzZknxPLDGNqyb6z6IrGBvZa5BBv0/ut+eUwfY=","L0LterTAw0fc0Cpgw64OQZVe/UezVng5AQS9deDbgKE=","6AxmCXbONHEyLTKfdKGL33L2fwtniEnajF3gYPwjp+c=","fwJ0ZNyKIpewsv5cE62+jIUFGX8JPLMZQaM7oe9JnwE=","k3eAk8HB1TOVZlypxf6abtWcexKzrRMn0zRA+J0qJD0=","SPAie7LiDN57ZPVbwrCkB5e24EqnWau0s8EjxlFvc4s=","rtOnuURI2X0Z045nLIsL5kLdWd3MguZeTk7vEIdlYtM=","AyQ2nU93+K5Ap34F/mGD7EghGVU/Qd5YQe/+vY4o198=","h0NGvGkUW2Xk0C1iXHinmymIU7ZvSU2uSioTYZBnL6E=","AOsMVr1aTkHhVfd2ywJ3TFNWhsx81T37BqHoVQwr2PE=","YHd4pTfYCwfHWNYAJ+wJAFMiwpJbXYWg4fiZ2clIWHg=","Y1QihicuPJduaqh6Gzuv0eyHxVND0hqLrtR4pB8Igd0=","BlcBFTfCO6eq/+abNv1nP7QQal6rL1z/Mxt+8qts2nE=","U8EoJ6ZrxUmCQ459wbnmgccHk0wZI5QvJ0G/6HBHm64="],"block_size":4096,"path":"main.js"},{"block_hashes":["vHT3/Pr6dGISnvRiF2PKa+mipXsABn3KXcgJl1+mPmM=","FKCON/md0PmTUFn2o44XZZsUia8GXicJeEInOUPvsvk=","Sg+j2qCW9DEInCeGuP4IA6FisjNgi1hffv0gqpaHik8="],"block_size":4096,"path":"startpage_api_injection.js"},{"block_hashes":["5FHPzR080FBEl6Bdd02Zhe6hyDNZYIEYW7rGasI5eUw="],"block_size":4096,"path":"startpage_test_function.js"},{"block_hashes":["uF2QOseRstoXqWacCvfIWZ2vHa/72fUvhct0tQPFv80=","0QrI0exjD09uNtM3VugY5YxevzT+1a//++dPy8tc8U0=","z/y3jkRV2BT1CE0op/KgnHXNMv8SYF4mTgQYpbik6J0="],"block_size":4096,"path":"targeted_sd_section.js"}],"version":2}