{"file_hashes":[{"block_hashes":["/yFe57e0ORtyKLo7tsXIx9fZzxwqrdUiO2NWyAFWw6M="],"block_size":4096,"path":"046461fc1a778fe43d99.svg"},{"block_hashes":["QDATG8jtatcMhn5qxxvnOCV8aCHcNMaImWr6aNQclT0=","msV8pCgNTTXrp9UJPT7bmWOWYRl4hRbHeK+m2+AIp7g=","1AkGtdn6GB/A6E36laPnXM4T54dygcRJ7oL3oEwOm6Q=","VaTZcJE/9cXTh3pgfcGAawpS0X4rjmdZNkC2j4Zm/Gk=","NpMVfWlo2FCqIGT0nmC/p5PLJD4qpG7Eo+bK5PDkH5Y=","yER477NNnwz/wQPrALTS1KAirIpDrTctnRZn3CKiQ+Q=","0GTe/gtC3SZRcbpPqgDodriK07CzSh32yzcrk23DNpE=","oOGVP52Uk0fJIXVyj/XSUVM7/XkdHxcugF4zZvSh6eY=","nr9bbFFOJzyKzl8tOJTA3HsS5zfC+Cow1OMPRO5KMRU=","GEpt8KaPcHNcNfVwLy/CTW3jgD7rGLtNiuoByHhbJlY=","f7jFDfQ9UR9E8RFnug/tkIxH0RdaJXyYfcL4aM0N4Xw=","tQifXIp0yEkaZzVgpgNk3xDxnm2BNv1gklP3rduFCwg=","tQK1tG9tNRM+Fdgh4CRz2GdmBNCuEunS4aAQJuvTQFk=","GpTfc8yn2ISWpkrnCTrvEkPgCWDl3024U5u0niZcN1Y=","vz4DFMhU5FmPPuPL7EM/oYz9JgxZdN45dzcrLOzh/dU=","cSnR1ehUHzZ+yRasytuCcLt3rUid+vnJyTSUKjpxBys=","2JNtKoDWNu9zMmBpmj4lXZYEPvqYsueR+ezzxwbYyRA=","jtva3gnxZ50m0QVjtPbrRKu3YsG+W8ZCkp9LVBU7R/U=","DAi4evR5KVOAusOSVbdsckwEWWwzWlFSeilY/HyKhsU=","NXcK3ol0DSXuG1Q6MWOMNq/Xdw4DpMqsrdPDVcXavYg=","EhlTw7DYCOj9GS4Tbm83/9jHXJwHfLHZTkRh53u6o4g=","GZb6qQjINPYLlVNEDMZ9VClYIKR+Yk+/cL6tqjhxfCI=","LUeYoT1/UXMnWPFPlZD510/3vvR7UWTPnNXxWYw/9Ro=","+/EVJumAipHzgTkDk3hKfvM50i/HUUfUGAC0LRP6JqY=","YlAg5JnqeC7HSKT+1IHzndhxK29izJbq1kKACM2n0mc=","9KUfSCLrz8/bC12ezDJtU0xHLu6sGCiZphfAza7ocqw=","6b0cwaNlp+3MOSwp0b9+OqzMlm1kP+PF0+jEqup7Uqc=","2cocD7tQH00WL7OLq5lDgqz9R/3NIo5bfPhgG8q7L4Y=","gFVAdLAFupMJ6sWQUrz5xFEmyIY8toD8YsmiXVL34O0=","Xh0lVU16KPw19FAIoHL8T/O6kUHGFz/3lgnl3/9JbGs=","t44cLpL/Wn33eqNu8kmueXyt6LcAO/6v3m12iNvbcHM="],"block_size":4096,"path":"0eebbdfb27d542c486ce.ttf"},{"block_hashes":["6Z1qIvaWGrExQN7emAtU/yu3Q7o28u08TLsUfoRnQ5Y=","GC9UTmMEawCdWkLrXfzIPslalREasJo6qi6+qiXIoxs="],"block_size":4096,"path":"119f3e8d7e064a605fa9.svg"},{"block_hashes":["n6gyLiAlt1JUoWSHYZJ5DguZsz4biQfH8QhSEAkJpkI="],"block_size":4096,"path":"1b3b83dac50be6b9c503.svg"},{"block_hashes":["4+M762LoCYdjXL3o0TM3Y9P2tLgV1V2/gEQkoH8cdig=","s0sLQnOrHHfgBCTiXhXaO5vaVvrbcOk3kxblhb2jJcs=","3i7cHZ+NHRoaW8wYseJrIZLrZ527TB338t5BEIg4iUY=","6QlgG6IOO58ei+raVvT+N9E92zSHaCdMJ2Y86XSPw34=","+PxamRIwqouXzuqyjMIA8i+0oGxpjmq3xKt2NgrMQd8=","QaDYQkxrw9saKdrmqE+XT35JyCV51LdMzdSSPXTGJ8U=","JvIVgroONfbw8z3Lpuc3Er/EhR1TXbne+KDkf0iRM+o=","0M4rlSk2vY44DTzBnOV4yYrqg+Qjq0uJGJIvu/IDkrM=","2nKmERGKfHs6kil/n4I0xS+3MjnhlLX2PrKWWHqjWsM=","fPRUjiP0bjnEg4+oVE8haF4s3yTC4fbH3K/3/PEui98=","0d8haNCun9OU4NercAPZ/AKDkZGune502ceLgoeWMqI=","LVRLkLFznHWodzNxPK/KQSNSVYDRdWKPWk9tOCdkkpU=","3LHbzxe9fVorSpxA9tlndz8bbKvaky9ZOhNzMDRS0r8=","Twi/9CDJjDO6conUT86owA7qn30EaTzRZfy7wiAzWfA=","4MoENoLG4V7XrNw3h+oDCKT18YCUW5Z42oWZIZP1hCE=","7ZqUkF2o2SPzoVosW02mppE0LOP+C0iRvSifJWuKKUI=","ZrQp9djIr5p0P/BWwpz0Nchf11jHyHIVdpJz2QHmflI=","10ToUYEM4dQ0UFfrMIsOk+0/mQ1uD5wbwPxdMSWiCvM=","+NZnB6T4kxv57lVeEqzPOJ1a6L9AYnc0sFXSyYMMO/k="],"block_size":4096,"path":"2d0dbf42750207f78ffa.ttf"},{"block_hashes":["hFePfLSHlUjBss4nmy2M+AxVPf95y9JrMHRVfOa7E7Y=","swxrlJ/XZSg/C56nkSJqEXefXlqT9bBYxOwvqRo5Te4="],"block_size":4096,"path":"2f7999211cb44950bf87.svg"},{"block_hashes":["o/f5sV+afTvi88nAAA5XRyFK0KVftJivkX55tY1t8d8="],"block_size":4096,"path":"35f1c167ca2db828deac.svg"},{"block_hashes":["8USiK6ug69nrLguPnsQgO7SPjTWi5TOZTEJ/npCkY60="],"block_size":4096,"path":"36c7b8b5ca8e5fb1c18c.svg"},{"block_hashes":["uwRc4L9WkW1HhWChQLTx2EamxutQQeUpTwbylwpvuks=","5urICZ/xZPccgW2sKcKWxuTBd24XJ6gllC06NZCgUdI=","TcJadKj9RDoM8IRUb4wDib1a7GY7ohW7N6YicURoask=","dFQNZaL+v7x0PUeGrZz7I1rPsJAQ85d+qnO1VbmZUGk=","mOpjzChZgKP2DEphlzGtwzLJV+d7nrIayc9lrUu46dk=","pU5EUvlgDdHxSGk7S1eCw1/PpZfCfbDQ4FtGpP62XRA=","vc1sqQARrmiAXOxJCbY9ikiE6NYcKNZguRtF/X3tBc0=","L1+jRZaL53bg359GDm3ixn+e4uc/6RdgcZNF/jxMWJ8=","8RASGtyy1nAKI0dqCOrYZ4ST5FP6+jFGI+iH7EX8Dkg=","DSaezbQV7cgvxuYoH9uR3IP3Xo1zgqs679Yehc4FGDo=","vIC9bo+0xDrYcLb93aCw8n+jRvZqh5I58V7HN0J0eoc=","hGqZ1IzQJORT2LnHcnz1w4IU2NBcN0VuL7vJmwa+Vtg=","Td2/VQGO7r+ewbeLtoJDeSqF0Gz9gkafaceoTd2NbYU=","nfas08YACoriuojT6M9XumphhMNE/Z8SNpGJzhR1rUs=","4Xq1lDjbTJt5iEWoRm8Cx1S4SLEHgqFEXCgYCoQ3HNg=","sTQaOHQAV0hdmdDOi67Uda8/ewESqHTq7q4GmWrs7Rk=","GlHfuXN7qosWwyVfPXvhdNwWCty02aEn8V3YaFvu7K0=","DqS4uCp8vfhdwSJyiJqTPc6ZBq1tgvRJn00mhQurb/k=","9BL8y/cReCS7DNWtO4Q0USffN9D4qPXJ1gKd4wY1B1s=","zH540CWiKN1No+ch/FoZvhNR+rrTpWZjUt1AZQUHwEI=","K+6zvxYY0rKbXJDxAskhR6m2iKjQmXHvrr0fatRNCuE=","ryPITfeyi1ihvhxU8p4ERMfCOSGjVv1phw+McU8lxcY=","mRymu0Mmr4Fzma3PU/s0d3fuGCqEZYv8g4T8hoEGAnU=","zyb1D1L4XDHv4ncpm57S9plkCgVul30J4Y4emP1+Nbk=","DWX9wgIGJ2XiUKEbgnFS1ireLgvbJhPwB569qPQNNWg=","qmQmSEAI5FVJoDTbyTnpZ/ThW9FRkufiCHOSVfeR3nk=","aNCsld2Tlp04vVrWkVQo7eLEzvHcAeDcDxXTxJ6tVvU=","sxL+9GPv1b+BS8x663P59QNXcCWbAtOMrPNwor1sZAs=","BbSLwhMq7iQseG/eq96RL7izZeD7RttyM6jjiEpWQ4o=","sVjVgXpMVzp2BN2J9Lyr0i3puvtY8i1JxkXcE1z/qiE=","cxrbU+5mm5EJ037PUg7mmf6W0e58Ova84mB6tA2Ku9M="],"block_size":4096,"path":"44d85d37ca16b0b3a224.ttf"},{"block_hashes":["49m1wT4iO8f+oGag1gm9CdSoTfIOwGzFkVjJZVmhWpw=","tCGtpDRqz1TZQQZ17eBUZonAoLJl9HTIiV++faYoa7A=","trr4dUO9ryN5AkuF8B1I7LyV/KYQOTZv9XvZ1EdINx0=","NE5TDznTxVJt+IxQpATKVeCVufG73BSYOm1oqV9AQrg=","GsVExrTtS7/NEksQrGxxGsUeT0uIyjuAwKVKL84aunE=","flNIYJ+2nAwObBsYCRPE7KcT/NfA5tFkQXDlHpfn4tk=","XtPOQ5Ju6YF/jAsWcNDcB3c52y3UlnKlezCgD1kNvoU=","RIyY8kK7rdm0zkRlxFR2m4qNJaTFVH7ofdX2RhhIW6A=","FJFzkLZaOoaOBF1YXEDulV61bqXPWdaW+nmlV9yMAIc=","8Lb9qlpEaInleT0uqATALQ3w6EZDItff+seEDFVCFkE=","OthZ/b5FEWuGyDFmdX/FgSCz0rBZFUWUCq+ENjQhckE=","qJItzsNc5yh9irNDNY8bxqvJkthghTNQ/MY6L71c4nQ=","PZk3OWhTDVlCfpXohg4l8cqM3Ww036Ar/BH34oMlgto=","5n+bFaoTipZdW+Q08uHHhOAfVNPZf4vnN1Ln0b1z2JI=","3KOPSv37DV232Rm/86WvJeVcZA4kg332YtEL9Pn8UxI=","ZQNWnSKgm+cYQZLdZQRVAq1pUT9Bzd30+ZuT1cZr6oM=","TheokW5BYoFPaOioS1zrxqhF6bPB4ORmvudbP7vbWbA=","I2YGWdfV4HVDz9PmkJHwc7n1lsL/NebwpCc2mspr8qs=","U5v+iPwUrgf8BaUpA4UqAbHG7AyJlhvCM4etkvG+NJ4=","xXeOxnU5dQK4FbZ9GTHQvH9HN1BbOqbGE/DwwxuOQzY=","0fTDavV5OvYyLbKBaidPLUnjdrSv0Zpkz9vR1y7V/IU=","FYOksY2RsXu9sa0pJfWOjCBQQchw0pTY0xBfDdUvL8I=","53sKRbApcLEjelk2bIAvzz20A2zb44KlBGmWi4HpbI8=","7jDOEljgN5Ac2Ie6orlCoZMrrlcl//sH/zi7qfJ5Myo=","X9p0avtMD/bpDuROvwtghQpUQif9VSNZVEbg6k8u5k8=","eHNRQRbZjZQN8+RS8pNutmRRi5ls62Pv174ElBs1VMQ=","9NKuxfJHaNjKXEM8IlzZqMn1z3c++lo27LxHrpREm0E=","ubiONux0tCyBAtEHYg67TyDaqtV7SJv24+FHQ0h1wfc=","ff9ej85nMV7Imc5t5UByz2Re6eSkxGje2r6u0zZvMLo=","LnHLckTwL1BJDrQJwcfnc6tydiB2EYg38QLQ0vY06ug=","tVal+JKm4pZYPKMPVKrhxcYQ+mDNCscqZAFEVKNkr+8=","8+v5RHpBpX03haSRw2GBrYZk7n2fcpHSpY4pYzoWWLk=","UIfufq1nymZjW1Glu/2IiqEB0JZ9aTeXdfKlbnSqEGk=","sDFqul12gFLkOxE/rU+SN8SF3z5YZ/UTxxQCJcGSA5Y=","fq8J/J2qNEv3t809RpbS2LkIOCrRijc2c+qEOBweOyY=","ZUZVrbrvUFtH33fKhSrD1+KD9u5bd6XZ8M5DNrTKkjk=","cHnImJfwNJ2fL/uah02jkkP0+Clmz0HONRvzCB7Ou7w=","LjpyNRVZX5b+KUEQFtSbKPXx+MzP4Dhup5Vi0ischJo=","0e/bT+NQkAvbjRR1UvBMlntgr/hVr5OPTVFIWSGBEjg=","N5trm7qn4cpx/SlcIH70kjXySuqm3bZyEAINIAZtMUo=","S8GrNmzxvvz9uDV9aFDlWhQ+oblYyl5OScGzpJw8Tqs=","OJ1xtL/F3f3yDXTTWkLQvWWLNTS5hTEglAIyPJtEeKQ=","mc53L44dbgKapXRDJWvt8jc6zLEunLdgfgsbgs7Jguo=","LBJfEprUHtmPTJoToffSCqAjysAZPjUpdx3Z1JtxbLA=","DFme6AfMpQfWzITf2cEgaG+TGzLzS1a5zKJNQl3P2L0=","32zEikcRGDXmRdLAssiay71s4HvJVvtxKrFKDoP5JT8=","8N6HFc/bV3ILj/PoPFBgJOqzx+vLAE8FCO74H8G01xg=","WhoSLW6xHVlT5pRhNumFaU641J8ys+SYxJA+TNAEKsQ=","KTXR1oT8epMrNs1g+1suPuWFBoK7AoE3OBNehVbITAA=","6Ra0HVSx8fO3eOgrXBgc8zQAivxOydjTUBXgZ8Ot2Mg=","123Mp5EiaGeXFSTTAI2s1mXtUYBbNxB6+O/Es0btdto=","1RfL6joUxjlRkSFM0/qAaegTrtsso1/qe5TdPMkq4gI=","y6gn380MPMhaNdxZCaaC7qYXrgpWLE5QRTktKeawYMw=","TLXdQKG/bIDBCw76LllJSkBIXvOn9dzDmtvosZAMKco=","mnosuaI+JhHzT5h938m1RSfbfxahQET9mfneCi5GyQM="],"block_size":4096,"path":"44df788dce2ae8bbb743.png"},{"block_hashes":["4VonO8P7NsMd3772W0VNHCJqMEvaN+cI0wLd6Pr9y18=","NeShGiR4JgOpQ56t4ooqBEvcXTSmxxiv7GbUnRoKX4I="],"block_size":4096,"path":"519414858d6d3c29c8c7.svg"},{"block_hashes":["EP1/3sOve1TtisaMpfayQm4A6Go0wSITgQ+cMnDczHc="],"block_size":4096,"path":"53d29add4f51cb58cf68.svg"},{"block_hashes":["8oXll/ZuVw6EX/fFT3IqdfQUPn7pkPlLE/3V6bop2SM="],"block_size":4096,"path":"5d1a909f3c0b18e897f0.svg"},{"block_hashes":["hipGfL9EDBRVDG7Tyb5DujxJQVTaZvNRzP3z0fFCQPo="],"block_size":4096,"path":"637f22f6137db0081579.svg"},{"block_hashes":["dAbSp4xELgU0N44zvwz5Lklpi9bKK7GddicJYxc5MA0=","2f5LfShL/vXnkxBuDlKctc8HV3Yq4UFioH1BidFNugw="],"block_size":4096,"path":"676.js"},{"block_hashes":["cxbmtWQskF5V+sK4+M6SImFXQdPezh7QQJEvSH0uEtY="],"block_size":4096,"path":"6912698b643838d06158.svg"},{"block_hashes":["LpPNo4ddxdD9cEKJXLgBqH+AC6EBfteuJtr8sqZQZB0="],"block_size":4096,"path":"70eba12308e7984fd14b.svg"},{"block_hashes":["jFaq2zCCsEng0CkSYLCkk3DKWLK0ayuxVELYyWFtSMc="],"block_size":4096,"path":"823d989847c2950d3b26.svg"},{"block_hashes":["Lkt/qGntxDbAXjPm5z6x56Puc1Oz9iXRUHsAw1lRxkI=","nuiuLWe9H7gA4WiahkLd4ejbA8gD07+RCLvsxjNx3Ss="],"block_size":4096,"path":"95.js"},{"block_hashes":["Nu0ufT6waqiZPEn4xAQqDYxMOeFlfL/FBweK8S3Av1c="],"block_size":4096,"path":"9abe40fc417dcd471d7d.svg"},{"block_hashes":["rOqOuHsMNyerRIAWQD16O16rJ4d8onb6RsLVb8tv27E="],"block_size":4096,"path":"a51e03c27e5ae6ba4c04.svg"},{"block_hashes":["kKwBzNodc6QHaFi/3FZ7wiqRAMVbg/bxxBHpF83qC2Y="],"block_size":4096,"path":"ae085df80c1e2592528f.svg"},{"block_hashes":["hXD4Z5zsAC7oz8eLuYoqYVfhcVvJN4F10I8NF8ybvX0=","wp4Znz46Iv7bn9RoiaZKZdcGoLVKmZzFwbOET93q5qg=","rfiq3t319ShpCCmZG1BMpkyetl9TcFzM9W+nksY6Pys=","Hbs0d0oGRT8Yk5p4ch/RKzp0qhfA/x1zxiJKoZXunQs=","FWnTMTzstzdCe8wkpmfql1k0wkSJBrED/HxePqrCoXw=","zCL7ehUQqYZQQDNCLHDCukliasuJgM8TRZX0E6eGvTQ=","+muwQ1plX9ZdUbFNS59MP9SkcZXOtrrFhx1UpJFW73o=","1nav7Js1K5TcamfyK72i5ZPbxuVxvAlrcTEt3M4EpPo=","LEJcQmMHY1pLbdcy+UbdNsfDJYTiDAticObM9eIkuWs=","Ap1EK8gI83aksrUckKN1hYXqP0+NAd6/bikEqCULUFM=","JvODKquJxxTWwNqw28oM6E5R0ozPQS7afI/2kEOxIyE=","WsOZ5m6DNdfVndcKHvmxJgCGo9ulpSmatyiB2f1Wp4Q=","dIL1CORFVgJTedEitvhutLUj4K9cHV56kAhmhJzpeSo=","tw7hnZWl6fzdW+0JKjlgly6gz4TUPon9VyO/P2D/SvA=","WZfFOnY2SuhxZqpQdrMm3ITrtmnGjwW5m4A9qNXrxr8=","VpKO9AfTPb/uiaYlxW/BsATbTXcp3yO50rHrCqxGB+M=","uhfcordKzTLYiSk4gV0kHA0RsHsskNiZhA4sjPqh1bI=","aYlE0l5AeAbu+FrDYapdmpY/XM38iYk51Qgx6iBw+oM=","GfKpWV27m04TAWq6Tdezuv0dDAZejnwrk3ubVO40LSk=","lqxlidDWMlvPqUJj6/j58tELcB1b6/Ql4Zdd1TtyhMU=","SDMW6MRf+TimRQ8usdGdINPOffMKOw7p0ZGenvaVO+w=","gpm/spjxr8++vlOxyQp4x7N7No/O+RoqXnYU3bX7MGo=","Ldj1ILGHsGcULgqQ6XzNgq+Jlje/zX6be0T/9cMt8uQ=","hzpk1qGYZoyocVkvQmXEt/5+Ehia9sAGjffaR/oICnc=","CN8gJkhq24Vp1Q5Ybl1mdGH8JGPzSTT1Qe+msQp031I=","vMRW4uC6Jtvh2oqQ6kRqKvYxwVwd2LBFLekMXjG85aw=","mDa+bWy3nszJnlN0p4GdB7NZZGZmdwflM05eoZN7QzM=","1+Qv2csbuP0tNAiHJJA8b5HUpoVJ9aY2K/RZnLM1pqk=","jKiyfpMM6XEEGtt+xgLvWJwTnpCKMwsvQk67Fl3xT94=","2hGznrO/6to3t1m0g0h7StX2E73Y1l46bVQdTkR8mco=","Uln0dCB40NUvyBNgY7apbaBwpkQdZcHD+oRNHdyWtdA=","8GIHoivQ1zN2RK2Uy5OtGnb6lOlOANuRLbMGq+jlqYw=","rJPw/n/WUC3HV1FzT8xBPmAblvJMlc8F0XcSo1kWG+I=","WqwS+eVy6jzs7SCYJKWVFRaVQ2pYiEtESZGYlaLChZc=","aNRwaNP3UfzLpuesxtSzxo+/wK0Mx5/V49N2qdf6cwM=","jw0ASEXLrKmb5g0I4uK+2NVioe8YYo4x3qVbNXdDz6w=","1pgFOVpPQe3SihIrHJEGFpaZGj9WQbY/yPcb454E2zE=","78L1F1sdBNUf5VXDBh8CAkhBg0CwXC1SDf9pZF5L+W8=","iVtkXlBTxipNs1vlcv4JRmPh8UNofZXbLWeD2d6QSeA=","tiAbkC9gwSWZrOsUHlU0hwkv2sHNjCyLQJ+UdFTbxBk=","mkPfCoHPbCNxNA8Ue0XNC7gqfXLe9xTFVbGLjuW4q/w=","Gvdbx87AyigHBuHZ4JNzOp/Pt+85t5+Zlk8Ye+gvt+M=","JdoNhqBCUUB+cuLjcUdcPuBFJzLWMoKDC8wM9j+xyHw="],"block_size":4096,"path":"ae414ff37144d1181768.png"},{"block_hashes":["6pHMti8P/ALicealMYqoK2nvYRd7j1a5ZZZskNASy70="],"block_size":4096,"path":"ae7f5d2b09428c3c1222.svg"},{"block_hashes":["aCVke/9yOSvOivewRg0xL9GeVejZ8Ggb5CLgfjI7mRo="],"block_size":4096,"path":"aria.html"},{"block_hashes":["cgWlMmUIlezKdgWSK0o9gb06z+LTLu4kPWk7/O5FPnE=","ZrI8c3Vw9pbgc/xwtOlp1FXDP64yf8lae7F1w/511Xg=","qbqshNnKveiq3qDWybDHnvd7b+MqFSlMvMkm+BYr6XE=","y0yJmSYXq3zxqXD3AKrl4Y0taLqf6E6MHeJY1roD/2M=","QoaKmDuz4G9F2baOZBSYy+c08QAxkmNADGDsQ0tsW2k=","QbzUJv929xJYqj9HmVNNWRd1WP5+62joiEiFZcZbfHE=","oaCjGSaoyb3pI7OloImqgSWi0pi1VJg/P8LKrrr+gV4=","/wK2Ta/uVtn+w6c+pTkbin8qSVfXOIQJZ48aV6kFKpM=","GlBKyj3+1nNInYx+a3A7N97mb4vzf5LVRtanAXf16g4=","it7uhEfZ++d0SWMNXm2/rknlB75YWckt1AKBKThXZTg=","pJDRZbOYSEeDoP19ueG7bLRlsI0uvSGJr0pyK4BOvd0=","LaXR65oQZaxhXTSsUf9A/4WtRyqhB6keo2X1g52FayU=","hCDokclX1TgK7mjPuXvAntwX2aGO0oG35vZUvJ9Lxms=","m8A9jlgfieBtKcZpfusvPeJfGg9VUIH+ieA23hozOo0=","T9RMhQo/fQewATwJDhCdsBphuIKy5GZFdYEUX8cgDlw=","aEO30cufLrzo3pHmDeQBnmqCLVyhgh44yYZfO8vt85Q=","GhHeCQZslHYi9NGBNhNstyAssdJ3ISoPEjdEeUe4YKU=","6ATPEaS2iOOCZvo0vsDtTjoPKMWpsfGfOHHNfXbN8r0=","NRqHxNsVaFoG5NmCnIzkeS98B5rEe0+jaInjLedgY2s=","gHeDwROYzHcmBhMRCO63ZOPQaAYiiXUqEIrN3uo7c2A=","mM1eAODzt70e3v9vh59/6IWoO+iq8Mnwn8k/5p3Apig=","Ozy0UEyhRo5hOwhsVMEefvt4/rnIJbZv+wE7y5I22WM=","KHIeum+L8D5qnl4VF10C3Ywg69SpANLkyqgPUPtd6x8=","nrH2SDnMNOBPIH1yyx47E5Q1OwULOEB47YZkbdfLR5A=","mDcXJ9MOfjpu+TKVNpumrEWD8jv9xuQfDP4ronN/Kkw=","3d1RChIJXC6blYU6cUvybgcUCbpF7ELbrw/e5np5nvQ=","2Vx0JkGIUkAb7f+EzN83GXjaxEezsFGJOIfoTZv6UF4=","D4pr2XMuZIs/wZdxsgsCBoC1zIAurgrJCyDMyeT6HNg=","S2I4In/dHnwgRIXg+D70zO3ySwRxcj/c1HF8E08XC5I=","Y0q/2obZ9xENYXrhSSxBAjpf7sC8Sf0dVJbbAY1PtGs=","/2KCy8eSL4dseu6K37MOgMsWxIvMCJEeNwc3zyCxO/k=","jSXhdeeD9Y+qKuZNcgSwV/fosRnGZ9Bq1bi6UTc6gDU=","kodUDnXbn24/bxb5qaEdCtCnL0jofSPLOZ65EgTM8vQ=","fDQD9CXAjwVsJk1wVUxbn3pjaAZL+1ym6HSRqHyn460=","2EK/79sW5aVLkSuaVo6p0LP79fHm08YLAgX09unzeBc=","tnc+EnvMQXmZwCN0cFANwgptxBp8VHqzNCgb7O8nPFY=","JlJ8WhJA+fnunVq0W9UfbFpAzVL5Qd9A86yYbJcBnZM=","LzZnumABCZ6nheiCkmXNiZTu+UcfQB/KnUx/d3hc1cs=","+eSrMCdOpMoIOnkmUytygUxAVUrPtBgH1FsqimYQ+/Y=","VQzDBNqnQGV1k4R1MQtBjFDpgvdwpEfC1UzlYIc7KaY=","dRxr0O2sHWWW983Vne5uQ7o9mPp3GhTH7+L1+PD9gkA=","VNRBgvrry2lJrOgojeM7TIvtHdBV4RJ+TONIZjQRJ/0=","wM/NN4QpJbz7I7b/uWcMgyPI6UFKNMJmnleIQRjFDnM=","RpESj6jftKyqyR8LbA2yIWlnlXUjQFlN0pck/K+V8EU=","KUeKf3RvnMQvPd75hfTHbyFKjUI6aFvE6GYuUDnwuoA=","1Y1hWo8R4WtxHR34GQTsG9awXPdXjiju+LZz4wrMopk=","sdRmgx1j9OZkdJUdkyW0cvQOQ+IJjDn+X1HRvozYYoY=","VfeSacETHBePEHdol+sS8hCOQQqAlIktaC4MkpkHKUo=","fkY7+vJQGjI26SH8YGdrtpOlTQ8V25eMpwRlIlTnOJw=","hr6W6qrvIiGLLpMP3DqIgrmn80IAZKWyFELJ+RgbeBo=","//vwffqu3nCng36hX9HQIIpPIhBv0m0Xi0qMagtzris=","FvOqgo6MI8JCtpZ0QOHJLl4NFiGnspTG2lyodzIrpug=","Rd6iTUTSm3d9QorYR9hZ3Me2vUexvMb8YAlMKO5UQqs=","PbXeEImsZK8pYQDpisY7TTqcZMSE3Oq/VD2Rz9R1oIA=","n2F8aLXVtj6D5evkm5yziSyalXl+zFvsQPhwSdyaGs4=","Mt/YGAGhbbs0Fhu+j2NfwSgJYjAgVTLngPi+SH3u4pY=","1bW9Hcuk33GEdrm87f0d69ngl6LIKEkr+QBYrxmeyMA=","QQFvUXyhmp2J9EVx5+vDkCXnvPof0VUuc28QokHNVoU=","Fgg+fjy6I+DhGvXeNK6N50kE9acdxfwBvoSwmHAPtBs=","9brE47mGGR25Y3er2DU0yh4STqYAZtBuFBidQcVt8yE=","yQzs+X55fnuNEaEFAOOUYf8ocuZWjVce3DmIv9GTl3s=","z++kbafahMYtP0NovjhLyFEk4jZurC2bu/1MiaDJzEM=","zPMJ6g/FImzwhPEgI9PtqqgD2ciikqA42c6cF4/lWhw=","Yg0r820jqRCKIiPXF3HaE+4yfilt75KaAVrhwjlN6aE=","kfpVdl+gVr6PBEL4bkHvGgK7tx7yDVbFxprX0UXPJhI=","wD2x+JKjydjR3Fx36l6Sv65gwjp84JQYn0nMZiB28+I=","3OodwoiiA6Tui/3BWQVr3VqA4ypUqYU+1lpeKDmrR7I=","QETqgnlwKTMqLNMzA49wzczXhBXBBhVg4ioK7xN4xxc=","RgFnobXkOfRs0+z0tmE9UYc7mYlK2YjsjlEubqy3b2g=","KUzwzn8pSNeIx/n8xSGMWsuT5HkISZn+Q8PCkKUJhEo=","mHs/JUiJENtrSIK/kbxUFjpFGtLGvgDgydPd22IdF18=","tPfbYqkqTdBU4VjpY+gJTiRTQOQQElTD9NKR+03lnTg=","LSN0UhlxkhrbhD4/FqiSPAwmUbJNRfnVlmA8Liy0YNg=","OazJErn27svgvBAJe+ifr0mlrngOVBYxtnA0YYnhOYs=","Rv2zB1cpbpFY0C9sQXJ/i+KDGM6hi3wtvrREqF7/MKg=","Yb27Itm+bV/iuH+491SiNPDRv9cXnPc5qGqp4GmzocA=","cr0A+BO4ggFzkFVqU1HI5RmiqUf8iL6ockHAYqyPcSI=","I6UZwUNGFC3XZ9Tchupj29T11+aY3Hy0Zqm4FiQHHW0=","GXz4X+u1CahCK/XWIBLYqS4soNpLGgRRHq8dWPCOQVc=","PWn1TAuqRCKOOxiGL7YFe/YFE481eii8aqwYQWPijCI=","dwwQ96eI5FV+J6KmrqYVD2N8z6N3wOvCg8Y71NGS1aA=","p+9qgYhr7v5XTvxYKM5r2U5JWYOV1c8kZfVxyGR3Lfo=","1YfyFrDynK+tcmF5FITcTWHdjbhHWq3Y0m98BV755Ew=","nv3O/uS5/lIGwSIoJ+QuX9ZaJJCvKM1fTairU8KcD70=","IOD/5F3CKLSnKDxdQ/Hd70sGvXYT7a9lEKSocz1QZhw=","VR1FC8owB3Z+f0Nk29gjtGnzalTsQJnReMElEovnlfI=","yXNDdwRo8ExO3HjEYbL4pfrKuvUja8CjIqg8fzs1/HQ=","LNhTVEtiwkGxAyyZxyyTjBFx+bRrBgX0GXCrwEB8kQg=","HRyC3B1q4BAoRpeMT2dZmVu2fN6G/O/5Fe6x44948ow=","mylikJHOXct8DXwv+68u9n5Ih1Quxd2XUU+m5Q27lCE=","OBBlHdi8vrjlw/uHIPnwLF7QsRIQQwgItRCZJMg2Jbs=","eSWgg3bnoiiUz/zx5FpuHuJ6F3gudD8rQCRJndQCZwQ=","5ctyQJVLACfv9UPTkl4rDHc4M8bNBbkoHpxnig3gJsQ=","CQ8m9iu1yr6sOJcTtQg4m+4LGB3H5CZm7aW3wS9nWwI=","oc7ePRSp8aCIteeZibl5JPqANnA9KZEhzdtk+FhPUAk=","idtyvAt0Ty3C8xx1X2QKaUjs8RjeOWFlydMM3BlSuCE=","2Yy/rsuyNGMCXuNEf/ds233cFFbBhX9Mbcx7nUOXBwY=","oNC9tMRZzoRE0PBLazCAMN582/xs+YKKOUYd2xFIRmQ=","xc4tarmvsKwWiWPMvqvkDneC/h6zJv8RaE4yL+7qLZE=","paTS4sObihI95hweh9PExKD71UfZZoZJN/aRN4Mx2hQ=","30k3gbEOXBiks42z6KLit4T1dN5er0YhE9uimogVBIg=","FVKf0bYiMdaHm3O5PDi1ycMxTDsj4gn9w7L7/lLKWcU=","flKzS89pnD9tf2Z5yiYzhC3cJC7KOBRhyuHK04mcOYE=","JQnb+q5ljr9O79Q7ZwtzV9ACT8dS1oG0S8ZpFm71+AU=","avYgIX4Bp0c0fd+2rQVWX56rNf3ipXRlgh9ZFnrJPMc=","96xN0YTvNIeiQjTTjoApowapNGMkNV8XBCs2h4s51Bc=","lAZfkd8sl+edZfbcBclgmoO2U7nU6yEXh/FQUOT8Hew=","pJtjg6HEpwEOAlRg6tqIvAkDg1F3S1Os9QxGn2HdG70=","EzqQBPW3ffEwGR0FpxkwZp87asVLBSjJDjXMhf+o+Ns=","jWczNy9i/0yXolDc5PWchPMMk6vXdkNw84+MmffRWcs=","ijcKJ+rRPOTZRgso/y8wl1eE0DdidV7AYY2urEqwREc=","bid1savPJWPdyvHsHy6qu6UzehVX8o9k7wOwpMocbKE=","nDQMe5xuXWStN/tUK95Mm+s+39XWXzuch97ukoUyq4A=","T6lT8FeuI7L2Ey+SGkYLxLu6dXh57qEJ9xJLf1bWiLw=","cCMl8Tvs6Sv78szQfn8s9suBK8SOG4Q8m1azOlXPIiI=","n++IR2zs3/UnSgtMLZ37vbH62fziSFzPML9IwkVVylA=","Z4H2ESJF3WiugU4XBhZ/J+JuwOoaB7GwbVglriguAZ0=","Kc6nmnu+dEud55fgNaK2mXZJoJDWHnJ/zVAyYpEn1Ac=","dRreNlTGv+bSd1YAIFHbVOocJLwkvRM7Ul4Jd2zPNmM=","S7YAUSnuxn5WYk9k2zLyiUKE6q3bN4Y8i41QZR9wieU=","0+WkcNRY9b+JcTMfz6rNovh4dsq2aLPYoMbHreKlxq4=","UpfDBZdNLzXDRyt7GuewC5EWGDrviz5r3M10SYOhmfM=","sgv4h71Z52MrQHGQJTGjDBxqV82STodM3oLR17o5B90=","JWitS3Yl2llmPmmLrEEr3V17XYPu2gC2QfOjZXdxMpc=","jJhHLDC6mpfJVrOUMA29aowtSj5OSbXc+R41jPaLvi8=","8fF8Q4N4ys9uPSQXaIlDy29xFiPViH4YyyRpGldbdh0=","J086AFBgb2qzpSHC84qEH4kTf5tvpWnWdtJZ7PPt7gw=","lsGL95GLIztISoyvRS+IqGJhSHkbOfo5nf2FyHGA68Q=","le+zCTU3/6WdywCYOrKWYp8ii7e+Z0FbnaLDICH4Tkg=","GnSwpCE2E5soG6xnBM96QH7Y+D63mDnLa1c+fz86Dr0=","rPzvYYdGHDZmonHUEdjtM5JUBWXXR1CNihVlQjzIh8I=","nQ6YZ1Gp0p/my/OdjLR6WvEhFFUFFUoLw+Qh4qE2XNk=","BjjVu+A3x0R2uLK0EqHUhDF4RxOHK6u0IEDmi+PqT2s=","MKVvYdfenYcmebJ2EKLhjLcqizggxO2lzOnsvkp6GZg=","HgsQSJwQ5bjS051dLvM2Ds9aZhH3sc7jW5xEC7t4Gkk=","UXpctH1UoypatqHhrXjDfYQMYlr7Gc8pJdA3GT+MUy8=","8HkkmLIPwosMf9elCq6DVdsRL68NTofi4WlT52stY00=","k4jJxDufNN7feKo2rH6D5DA31O2vIcLQT5MEMgOmi3w=","epy1nCFniG+RAkduYBvT9G23opkjTmhJbkzG33nHT0Q=","nTpNz2K0pWtmRmB6TGL0YGNeEXvMrtKg7pPSSk59FHY=","PzeAmjamfuAJ8sNW/0+gY+HszgBe9AQRYsy0DjuB8fY=","nJXItqa6me1d1PbZJfwStADC+FcY6aCz9yo/AcNfDT8=","m2G7udtgXhWJFjKLTnlQz617/6hQopM7D5XyzFGFNwQ=","mCX/VP1b/woW5a26qnzGVl1ACkg4KrA5SRzp2J2p94M=","/hVhCYXAuJ2FF0eqT39UnlZxS5u+48ISV5GpqVwb5ZI=","EOnvRTlTfMN4m2ZKg/9donzCrIVH9ymMHHPnbS7uf9I=","8YTPwerwgVmFHzdBr0c/918Sy0KE7BmCluXAIRDkH5U=","SUd93WySvVaMq4wF2b/EN9j/GplUHJrtIYEdJ1iPfPs=","11I4BbjYbMb2GuQ0QP5R3X3RkE4pDYONO1ptG8BHnGQ=","N4iZgBTP3Xbs2a7f+BSkIRatkHldf9wZi3N9Y/KGNbI=","sjfjZSWl2okFOXHLCtUmQ+odYWpD5wlGauIOK8hU44s=","sO1WDS+f9zfQjVkOvT1r0cwrT8jSgNj9C4+SHQwj4Es=","mPPuILUJJiqqVcc7AGGlZlpvy83OlL4Ci/FNK6+Gc5I=","l1dfayFNLlI19ZllvqQMbxYrQIouKvq5bBxAJkgLM8s=","I2ffFS1aRngXRVVjj0YdUUvqCryJpPMpJ6cnB4/FhGM=","MfRHQHCFoEBxZoyCt58wzUMGp76uAl93oZYSHw5SXUI=","wBUl0rTZNu8/x5ekPDL2syWPhCHu/gl9FL1Rv9zh7sM=","XA91f6+uXpRyoGo/QfJoCfgJvSH0FHaonOSEN1xJMI0=","xZ8lHvxNk5iBgNvHob+qiVqATo1oG0Q+XV4X6D1ij9c=","EOYevq3vH7S6YsFq055o2rHJJ03OdQG0e1XWWrfcOD4=","MMg8EmowAvCLfZYyLDs2rdO17M2VHPhssHVmpOzUp8U=","ryDlP+maN2db06X874cQroMuqCSlN7l7bZe8APEnojk=","IhhtONmC7BMtCqUl5+UlCc3OdqJhLDtXAvWAdF4g9O0=","qWZZEvIAS/poYO0gwBwCKPpBALK2pW3WzCP4+TmHHxc=","T99a8RXxS9QlLVsGj1TyVzIxHEoaHpw8drUgbM+HOVc=","VFGelO0tWFLStbgePTgnQc8kvF7tsV/LysNRW+bYRuM=","f4EuOndSL0l+wwW+EPgqXJB43PeVD6Iiw9ooqPAdza4=","GWWa4wUGtCKC2vb7i11BHRYBsZSTuJslS5xf9dubVD8=","7u+gzbGzuTCErfg9Y6OreILA1zHeXSGQm5lwLchQa6E=","QoQv9FJkhxfDwfKGmRouw/mADeO2e52w5fywj9wUMQw=","lWwbIwOs0jFsuMb/ifKqMEZZh3aAS+nC87W+fiiRmJA=","6JOu4mosrt2sxzpl6Y8ykRi6d+8ZQHcsKk//NTBN+/w=","YtGIbOISkOEwpTxqL+u72KjDpmi8gDX7i08hMnTbw58=","lLjxVAl8cMNNsZCZc3tKsY9bKcqAEzmzGZUrPriw13A=","h4L2U4UPa0WIwqYl5BbTrYGIu3OtzgbYd1NGRj63I3g=","ZePCaRplT3RWaVHCIe5MPGrBSEb6tfEyOFYqviF9eL0=","nHAnbvV5kwr3FHBfLfYrV8648voHsJKxIkIZ+Pye9SI=","jPRRFdUlBPvkl0YT6sqZ8yr/757IhOhOKKj4P+Gw56Q=","T+gVHr2hsPNotttDemilTcJlAlm6kwBQQor8xV6b+dM=","23bWwoOeZMPa90hFMPyQhxqYIl+s8FHtIVo9d5H7cn0=","i83Rbl85+Zvz2lN02cpDAsn4j+480syRqOqnQ/ISDuE=","gMd2xanlkfVGSwnHiaEZHa6zTC66Eeim8NXJySB23I0=","NOP6sDdWP8vE85MJKXYOda8YsTf/2gis7/FtbnsP9Kw=","EJpLhj/ga9bTFL36Nmh7LsKvRmTeiSsc5GTogd6rD2U=","65GgJrpYS7ogppYuGdGpxM4pEmImVQznRS4ovL1qrAo=","ky6FzR3cBgXIFFeU8JMqQK86SeLN8HUl3b3QDF5SNOg=","NgXZPTTTu6Q7ftZqPrJ8BEf3MU2c9GUeJYscEfPJ/JM=","FQfYgPtfKUU3qPogp6ePJp8vSA6DHMunTPqND7RTRyI=","DYIo1wbZvIJ8K2Qj+Sjskx1wwiMRP4igdJ+0qVoxZg4=","WlrGmvNf80fZovHPNyAwLQ0AONJf2YQi8xsdbocE5jI=","cPuYWcEETUKXMq9JauOWG3WQeCR8QeroJA9EgW56p3c=","uGc0RKaul3u0hGBgxuS/DMD6nQCBmiH/bgM8VjWGsI0=","UgBfMQRFqJ5I3ym1TlGXqbylHjasUeWvCc0Zy/YfyQo=","yMNSuGqSRiWoZ01OQLnIv3EWxIDzlrM2Q9vw/zDBqec=","hpgi9Eei2n5ko8QsA4qhYT/t1yH5OHLt4XQKNGzymfw=","yz3+0KVdvIAQ7hQA3VZIYhxtysrXqBMLCIfpsPJn5kg=","PT0OfE7+NR2Yj7bKYI0usYAnr6JX45I+rjLBgqkr1f4=","wDyrYjb07tAjOmqby6IssXQSSTU39G0/cdD8gVEq/bg=","IpP6Nq63UVXiwCS9djfwdK9qE2E2v4Ry+eZJEHARJw8=","td2bEYjklMhQwgpUEkP+qpySlaVV3i75UxfvY4CR0dw=","8+zMWd+OkFvCDJlKLyYm6AOv54H83yjfLXPiKXq6Vm4=","H4uXOzyjxIZBlOf2PoojsUIzTCYXSYQ0xf0zK3bjgAQ=","Ys/x5yAXDdscKPRa7OYhrvIbuOYgbZ+J07AbsuQ/5HU=","f3Yne37GEroti0ZJsDiw01EHN43T6MDvT6j5nedxkeA=","YLDgrsd3daZt+2onoo4AVgfgPcQ6kb5CH9T7wNlNBI4=","CzYgadmRzIWYPrd4lmLj+zii5oKsNwVhvop3F74ugM8=","YziKS5PBcdB9eZLXQl6R1Zp12o+/2JV6HdaVb66qFJk=","x5Eo9U6V7TR/2gMBlxYiTHkenkEAFLey/cr+eRDIWD0=","h7bfdQm2bhllVmV9CYfS8RlhV5RvUWp12bmg5b+9AaE=","RzU7Gj/i86SzJVZu/39dJ6Fzvv4KneFR6u4JhFc0Nlc=","7gvWKnKVG3R0QPqge+Enb1aN7earc00UFK8X4UpBGjc=","0WA63oQsE6qEUHvRLzedlJ4C3fjctdbXMfQ9zVo8Fsg=","K8/98ujY1VxbYeC/IPkOduo2ilpauK+GIKdUQvqFwlc=","qJIgXgh4EwxUfAXoi20AuErZqCWFmm3Z4OgzZRI2MOM=","kZAuM0KH3rs7u1HuPnXybxff3pH+FntIJJuUQiyE1xo=","saPDcZMZdHoyk2iGv4pkx174p+twb+OMhVdjGDZY2i4=","x0tm9oWRM+7NQuO1e3sOtjqXruiK5yyUx4nAixCmSyE=","aXocpE1NM3KSmZy64Fvh8anFg2RGODfahDHTw8ksSQ4=","6IefXzvJKwLyj24BgM2tTS/4KyjmryDnMe/VQjgn6J8=","Patr4p33xtEZo7TFpoLAN8k28zGILqfmCa537spGj8Y=","Ele345CvExgo3yONP/Toj2F4HNlj+dF0atbAzMzPzeI=","uw0biqsrJYTEuIPcE67GRZY3lNSrKBnT1c+6SkOWnG4=","hSZUrtOOVD9RKM93YUFfsiFBYw5LNnMO1Zf9M0I/P2w=","CgYVwXBvq8vkZNlSh8Z5I/oukfJ0heP8Q8d8elCWV1A=","lGxtzyyvV0WsCt6YeE1rwVgxQPqFTn7qlfi+VHVys2Y=","BS1w+EOCIZ5EARUzpYf3URNZ7LUeBDaKamHnbnyJzlo=","sb55cO/glIBHvMHm37t6yNI6aifgDVs+w0W/B9zM5E4=","kjjE8ycG7RcUxklA9Ymt5x/EmeWJAlbinptUrOXhiSw=","XqqDYbGNVo76UkM0LuGXeSwoSJdmbo7iyMyzhtgWEVk=","K4XsGU5b4N3Hdk3YS5DGgn6/R5kiai6F1eEL8jnmm2E=","TK5QHAO6yu2Q23SVPw6dzOnBVEcDwcJnbgLxJlMGqTg=","znT9sH9qjXyKxNwmVolh8NL/rjFSh7ycvHS+c4D4se8=","qbxEanjAlhxgdGnIGE1b8IlPN0jONf0pQt4JXdv+Thc=","zyHGKYGF7fF5YTeoYxmchYLTjE1F/y/pK2Hnv5iWo+0=","Iw0atzfBrsarfwfi6jZxiINqNmGRe8vVAffLngq1Uaw=","C1RyKkcxntzqW5gsep5tQSYLTzP7gGbM42/4lOSLbcg=","rq6J64XLqnBt7aDdc3C0G6hIzMtwsj73GaUbSmiOhFs=","YWQi34sIVifvC8ZGcAFbNHljfLcghyUo4GL4ib1WvVQ=","pop36xq1iSdNApzozR4U7z4bVZQ9XgkmNlQAqe9KoU8=","6MQtlaWiOf/iUiOHVjbH9fyMJFjrcQSkl5PpeTVo8i8=","osOKfoqQKiAGXu8H4jHFZIhCt8xjzg7a17q8OnPOaFQ=","AW2uYbzU4eluLZ9QQgPITb1HBZit3Rc1zheCWARAu1U=","UnaOx3nd2Nwc4qbNl9AHL+G1VgX0Qu3b6tewtJWWdAc=","IrHzdGaqNH50PQ2STpZEVBLn79Uhv4YvMasdKhlxrdo=","CrvF9n21phHqcxWQx56xhebryTOQFtNDVMgi5PgWdxI=","r9SAeOpuLFGAq4Ge4gKJ+SOvUEg4mJDtpmqioBVSXNk=","M+PseQma7KSmNblVVMLyw3rXwTSlYZ3yLDghVR7CeWs=","jJWOYslMczrAQU6wKiN5wseiES4ad7B47opdmuYekAo=","tynAnlszzCJlPkIPjs5KUVRVuXrYG/TP2lKsDVPpgI4=","miT44uM7/Ffys2adMN3RRaJTiCpurvQptBiHJ1Vj+iQ=","wfX8g0Pc4/BwC/bRgBZjxg2Ytq4MCyHqk+dLZh1GzyI=","LWECX6xpaq0aZ0JyFc07MmgGjuEYP8qRTGeHNUj6ask=","T3YeS7gmgWGCbMf1sydCDh3WMoEY3mVTir4HCU+/5bA=","L4HJCo6WwIjYOZQGkQTC2AXbxFAIX46mhzPEhMOo7z8=","Wr9z1Ty14InNW7ezu0vpAxjX59wparEGAtmwAQUe5Hs=","MGstGbvJK1bUQM/wwjyVqEF5CxIPohxBYuyg9DH4rx0=","n20WQCfJmeOZPY6kkl/O/MB3Ogs6NHPbbgBT17ZaN50=","A9w82rEURqefAT0l/KQ8tbrpT2xKrp4OjTvQnssQah8=","+nVh/Yd8CElw8BHA0Z7R7dmd2Ze24htV0Cwgc0tQrNc=","nm2X4q9IEnCJjQqemZ7NjaAszF+450ciyUmErr2Tk1U=","sMqL0j2Mi/3Puw3mrW2Ozsl2w95P0pZVqrstlDL0juE=","r+MdrzUQ4GqVU4Ifgq5GAo7nG+Qg2AoZxrmXWsKkKKU=","j4ay6qga/gSLTDCrdilb7OerGCuhWjPuWSlhgNXRFyw=","AaapSj0ITztW3pF0nAdcwn8fRjmDfvgUz/Gm6tffMT8=","MF8DgLIXYm0IIDcqhgs3Xf8MEoUi0Na6f5XWk4cDdKs=","2bcQJvJBeVClXC7gudu8/WGYwxp3GGL29OhLAwKnTWE=","G2PDWMEICBpFv5QLVqTv35z3gbMgcVj9sSqDMdPEd8Q=","5MmBNE8iC6MMkEHmBPzPVBtBVeb7IHceJ1Fp+GMUADg=","gZNaHekpAFSq+SMDze2Uz9EcIhq7+8kAdrItDToJNXg=","6T2PXifCKrNx+68otEjVzmoKIOczPgczWoPWRQfLS+w=","e1aCUzsBtXyj+Xbab+ttm+ymnDAyWT/nRNHHLoHS7CQ=","qtn6PuJ5KLbVlIL9HIuNEBXk4sMdu5bdxgww2iJ9Rkw=","F9M5T1UIOfYhMkt5h682ILA8DlhOw8tsxQeUUNaKXDs=","0oMD1fAhA6wV5nNl3J9wZOk0N3jjeyj0LpLgSKpLzF0=","gBVQfdJgawt/ON/omnE0BPaSBSEsh2FlEoklI7Y40y4=","RsY/c6zUg+MGSGKO5P8iNfzyuwcMzJNRWhMKq6C8O+U=","9lVChsAt6M+q3l2XjZ/YxmkW5GrSZmONsb3+bqdyHmw=","8CH+Hcmofs3EIkeZiMmlpgwTNQzP+4wnGgwsJSsyK/8=","DPW9IvtUiebNpfGesnDLv3THePCu2H/XlXJguWW0B+w=","Qhu+BJ8xpZmildr0HqheetHNvpikq6adr2RM0j9Jssk=","xXZmXs1aaKsJMGx1Cdq08BX7ZY+2K+97h2T6g78h/UA=","77IbJ3C1zf2G1TrrXq9cO+5IQEVxmJG4CteZQVUcPaI=","cKD6nwx0kbpCQT3MzKdLxklTJpU+4LsXuxUO005CGoQ=","qI/9CipzH/eGP+/WWWbbHahMxurXtv1j5f4sIz2N1C8=","0ihM2kDoeIyoAjPyWtl7rEGOe9V5b2WQ5n/lkwYNqOY=","aC1vLgLnD/h6DFPHX5mLST4H/mI9uezr1Ro16ek1mH4=","7DjUmulFEdOF0UGDSAPwWNejhNR9kc7wS9kLOPMUots=","yOSibQZ/Mh/EOSXnF66E3ObR5muSM/dnxfZrT7yVrmk=","Dq9GMRjYrBNQIZYQs9SJbWiPIfzLt57P9ZyYqlOmjNM=","+JcgOG0wnluCdl/fd3vaTgOzKQYOgJb4HnnnaCPIbtI=","gmJB6u1oZjnQdzDXrcg2Bz3bF2NGR3mju19WpVTq9T4=","RnXQS9USFm+H0QrbcCU3rG2DaAmvtXLq45SVLTB4D0k=","5ZAqq8arC7zpnLqQlUMs/YU5O8/9pQJs5hZ+2beljHA=","2Ab0lk8LLF7JCVpugZfSPPoyhkekpH7SoEIfo9AnvJQ=","Y86a9pzboYBw4KaJX6hYZYGjsZ7m9+XSLwBWowxDrR0=","FduVVhyjbbA+j3PByJG43cYdIsZkFUP3aLtMB3bghZI=","I3o8q6fpZ0whUqbzA6SsHb0uEWwsfISg6pk1tS/n1uQ=","Gjywl8k6Oge//RAkhzuyYxFaUr4AJZ2+urkNDa8fZyQ=","8KQ1UBgdMEB5hAGb4pCQ68jYqe+qfno53h+Po1VB7zw=","xz5QM8wamYDa3xFZObdok0RkXb6hfBtLSZm7rBjRAwY=","iXEWsls9dFsYq/UpRny1+Y8IPeHrtTkZVypvE/zSrpo=","cTTHQTUAO9+9fX16vJznxzhkSEetL+JVqb+PwKun1lU=","3uka8j/E3Pni3KB54ehqAi8ZKIIyLgH7tiU/gdQHj3Y=","Aa1OwK3Fy2HoTfd/l35eULDz73xqDiPgFFDSaeLYy/w=","fKuJwys8PgWWQ5FqqvxWwlF+YoXp4v6XwjuKLn2AlW8=","D4J1ZdzcknJHAgIopGTCsYtWZ155koh5xG+PNSr4X0o=","9Kl9JEl8396KdJdb9aTLQ7M25var5yjvQDdce/0XGFc=","NZSh5gxvvd3SErSfCWnHHlcPEwcEphkBDMhdVhcTixc=","Cz8Of2Y5/6T1JAu1N4UcQpxLsl8PlsqiGWC7+DkbSrY=","JF+06Xh/UEv/NOK08KgeqYiymyPX1kYv7DxCiIlcYmw=","UykapE11Qexyd2y4WwEYEea1Y0IKI8WRHx0ZqNN9FG4=","74g1o0UCtvURkjtzdquYDjuX9mAp6nNCRdGPKMX1jyQ=","mjc/byeJ2vM5jgRYDMzZph7tKqgv56ciZ5lY803bEpQ=","pWh3aXhytITgkRGPaVH4I2mL3tmq+lBCny0m1EDW/lI=","pvREaTFXJikwLL5l9V96ENQgngQtdLzgfhs36qRLIlk=","qIBHPaPH4mrtFy28o+b489qyjoM1L368s0rSwMmgzbg=","/2k9SfwEY+bVdE7JyVCGqohpvXDybl3/hLgaNwHMi2U=","88rpmWrCMX8uarKHek8qGIIp+iD5JTx6B1qj5lahB/k=","MnqUeVKqkbZ+5BB2tK0etdymoOG4EXIUocO2M9Qspng=","+d+l01RISdG2y4sHt2Qr7aA1SdmPuT99ylLM+Q87Vws=","EYL20SmHUgPPo+NBhgC9CORzx0VjtN7dL577S2OY8lc=","g0+Oj0qI+zFs2WzZT9RsDWct652Sd8/FOKN7kxhk7Ic=","IoNQk8ZbEe5kDdmQZ8cQaWkkP6t2WBFfKf4iuy2BBms=","EfmpmJvfAwNLnAdc8EI4ywyzpq+9rYOH/ut4ecRoU0A=","yk7rUN7IVdojEnUo2xPvH74+qj2BnEiz39EqqS0ySHw=","uqeQlVFVXYZBf2VGsIhV5p2vqZvt61sP32ormznpcqU=","61FAYiEfSXjYYx+dDEd/AQgtEclbl5oOAvAjHBj5SWY=","wVqoRyIUak+Q5jYw6nsa8M/5SWS/JPriRC3fPDULIJs=","s8pmgw1DiiW2+8xIqOg+AoYFj6t2YZAgui3Nf7CqVLA=","UJezSskqDdFR36lkeTQKY78hIMvYpADtGQnweQsoTS8=","Sux4MdE3xDgFSkPUBApDV9eNBBnjY1VCyi5+g57fRfM=","RvZhCTfoB6UIc584+pQkPvDyQ853QZuudulfCsbth8I=","JGhzPVbUSpCgWXxa8nDYU2C7LN+UPH35ax/gkesy4OA=","ZiU8qMkmmrbUWVFXKCHsSR6CthqGJRp99dCBea0k+es=","NYQM9EDOEVRg4VKslok5ZiEKRGFIZ/2MA1qsfRTQCfU=","+PodtZQFh3uyiRs1LGyjZbeDV/FwEv9WvUfWbCYTGSM=","0lYZVKhGZguaGFwYiYZZqfULvfnLfiRYhvaAihDu2Mc=","jeCrEaQ8PAh1JDGNmG1rBG6m1nWpJNF3eac6HwNekYU=","C7cup15X/G/13fsFt8sI7FMI6OFz3BX/QHOwWfR8MqY=","m4jJeHkE+EWLZmu5d8Vb/RPMEei/+MHPqwKBf4E6jfA=","JOw9U95mJX478G+YiufzFCzhqQNwDV1eVn/B+LpYPUc=","fnkTzIWnShs5BDKT2ZItdTVBAIRmeuDskGqqA+0BcrE=","NM+2DKWX7sM/MfFSX+T4O39PbW/uym9/Jz24UdVfHTg=","UcKarddo1WfGLrTyhOEB0mincPTj1nacLYhxQeSUBOA=","SF/gGDhZaR3W0OzSO6w94wmNqwUWthuRm9CvobD0fZI=","kFh/nNVqudfnE9AoIB/pU8ZyW17f0bDdt+SGk1x7qMk=","kRTZbFpuH786yZMzppqjg4nbM/5ShBHwq8rZ0Db5RCc=","jW1VBitpYzx5OOjSk2fe2R4G7wS+1rwN4sBsjUy3t8Y=","/+wEKkTZmqDvsnxiGaCzkk9H4qhVQlDVJl7A8KrsSX8=","fmUXEMK4lcamhup/6eZQJxj9xKQbdTJ+hR/6/IX1rfw=","qm0RC3bmCpkdIAB/vXmPtnr0Xqiwi81IrfBuKI79c6E=","J0I9U3HzMP3oT1jCco73ozUkPQN3XTNsVRcsOB+GA0I=","xIRkvnHeZeFQ66z4WKcNmM/d0dSAAV3qFUcGU4r9/LY=","+v3NiZaTPSVdHhnfPghMY2YlvXxc+JOiyfSCAXy09r0=","zQE8F66eUucVio9kbblRDhHr3nNR8lsSRjKBg/T3/+A=","A7h5etX04ZQ2HzoSMwBh3/ilgg9PoSXx4T+2lmgGsyc=","TPt1M5CkNOe00gccRCWkSg+xixZS2hIYc4ll7NZgu98=","BMyV6frKJNayr4T8Z93sytuwnLV2HrDBU6H6Cmc6KJ8=","UFHHckjkVwBNGx8jTJEmfRQoFu8frb4fAeLa5l4z1dQ=","7irUxZGHSgH61X4hAymyV4dJP/d3W4GUpo83xcan6PE=","hhKl3vYqb1Fp2Z5vaU9KS1bBbNJjoVj/h3CcGSs3wS4=","GzgfBMIZ+RumDpgBkGVUQhIxg4yslYtVUlZXgJ0MsqM=","YdHzbFXqM2v09vryb7J7vlsWP62oChaNtv2DyGQ+Y+c=","QNnQ2Xex2tMb36t/f1d1+t0odNvL6OMtdUYp12/Q3Yk=","Q9O3dGtdflhjij+o9N0kQR5Q0+flpWQ2nlzqXG//Xww=","+8rAqnLE/y1FnsTHyJx98AdBS5g3/vwWiy0R4x/T7pA=","05wHwA+6zMDcSOXFfJ0ImAqreL4cG2aOext7c/cpdWA=","uG8AttOs/Cx20gzqWLRN60BwKXwg9rTiUToKsVKWgFU=","qYsEdHZgKHUNPujJUesCgzBnu4l5W8aqe7OzLEq2sBk=","zWaM/mpgV+6edPSB50sUfmt24VBGUAz5efPBcNvzgR8=","vepntt/A2cJqafuknXD4YXakCBx9C+370nC6Cd2yLpU=","q4pDkP5VzAAOHQedVMuiZvhV0Fpx4PVkeyvFfvEaz70=","GeBrkNqV5u7yQV7cRMJEE9i6Qlp4uI5bQsoWpnKCqos=","pgVTm91mKaT9kEeiXfZiCqBQjgeKNqnvjPQEA7b8cKc=","JWwQclH3RxQz2BoUa+igrNeakDp+3s3B616RTgL2n7g=","eKaEdO9APGKtDZnPD/TRNnxg61tn9b2iwb7oriUZiUY=","p+tAU1VJi/68iFZk12/1MY4CqRxjessNrCbG0MTiQ9A=","WY8HS49N2wmpJuFm+VSXcrSGWh5LE8S6kXOGEY0+7kg=","cf5RygxHp7IjVrjg54ZE8zmqikAM0DCPNQEwwKZVUxc=","Kb1pd5GDZGeNCy+ZBJ8ui3tsVRjD7bwQxaQ+aofTEjQ=","goo3pRfFehqxCzX/7NeD1mgyCNmcrDaSlssXe2knViY=","kbsZoA/yPu9VThNyBSWfPt0spSde4Vdxycs/34kalh8=","xDRpuZy4C/mUeK2nYbwVbIMOTp1cJNCOhFAe+69qjs8=","iwGaST6LgwM4cTn8HfaTQD6G65Q6hi0WDHmBEwwgoGQ=","00GO3iC6SM5ZkNyMZQNg5szPqs+nC77HdflGa+2OKAs=","BbIew5QzWycblFESizNiWyJH+oSB5DOrop3nB0ED5bU=","MBG8A/XYjKABUfz1dDU9t/Fo9ctA0cCWFyofTRpx06Q=","+PSP1D+ZTTdSqB8AIX+MhNnJ60Dj+IDhTuZOS22/KyY=","Ltzcc2Wf2SaFreARvBQ1BN7njMxbhg+vmZpnhgkpbOE=","q3ylYzRktRYobEin+PnamgsCH96CxPBEmd15U7Bq6dg=","JQrwIsiz8FP3aHNBz/7ttrTJECoFa/HyGr2N+S7qYlk=","WZh7CZMQ1lLILZAzs/gpFDySVxZjhBfCx3ElvgA9uhw=","jJWGK2Rc5m0DJ9A5bQLS9/yztB2UAp1qRBBvhkCN56s=","nE0FGWFuCwsJJV+SKlLP3KkgjdKPZFbksSICtvpuDao=","iIdX96KR3HnG1cAv0OIzn7CCHpYZ/tokGa64OjDTh/4=","KurYvMOeBQ1kjEhUhcgYLRv+svUDTYKSdqE48XED2Ng=","SpjXtusCLFLs2lhFKhFyF3J9zZCzNis80KsVPSmuICM=","+QF3xPV3NvVl6cSwlMBq1E0PfwZEbCOr43d5F+GV28U=","3Kz5xYgZeu/ov6mzBlESe+rNFQhffesOuf2g4800NeA=","f/Iv9eIocsFkrnN+2yXwtgBLW1i7x8x3RG6GRB+VGds=","xlQlwX4aFbUeeAWyMkAdUyZRgKZ7+XHJtEKMrgEl9CA=","/JGkgajFa5oE81+xGiXApdODGSiY8kLaNYxVsKtNV20=","KdxS4YY1X0f8nvglTfAGLD3/eor1eL/eMa/E60ww1Lc=","/ah9dcJTuXuQ2Wa1f60SpqvsvXxrx9GH8b4fsfzPwmE=","NcGQQxyFj1s2V7YiXLuokn524TokEoiAuzgDlkZxasc=","1Yc+Gv1jKGzYQ2rgXuUn0QHT62iUAZtSBC2uRJOsVkg=","/hz7tQIlXx/58UlG8o/F6gLSleVpzxfKfvflabFy+5I=","viym1IBZgsABIhtt5xhSEevuY/vUAR7OwGfy7h9qGs4=","Cca0n7JYhSWSArDU2tky0OF8e8lRqLoDq3SfTS2c+co=","OxAFDhSf3H3neQhFuZ2tEZseRVliT8xBQjcJewskRHM=","OxwqWspOOVwbHSC63zHhajFjBsK+8cnvyjfLng0fBHk=","j4f8h/PzYJ9MCBZxvCivzHc4ENajQCNFVGBSUfi4/xY=","celxAvZ6WxqEwi90KcsxVRgOqi6+Q2QyKaoSeJdhjQs=","tb6cEFMNqdaBxsADvZ6m3aPOaCdHxhBDYq6OJquKFuQ=","KJIlGLxfw3jd4U+tRBHtwto5x3okC3xmL3j9xubogJg=","mDkrt/U98LsGMdH+tYWb5wUoEIA934yio4utNcOCBFw=","Lx0plMFF7Wxx+jp047rv5DvrHqd6iitvq1f+LU4EWto=","dib7k4OvUmGPRl++laCu+gOvUoIeCVuSRCQ1+xgBAJo=","wylK0+0CNbdKGQ4BDQ+xmBZRjTjY3ObF1uion0cqM+w=","OBWalm3vQ0ChSwynQ77fKC9KqhXGYMcWq/KnpnORzMY=","315ZeqpUnzKNoDR5r8cz7K6aPC1aB4/uhoWnVjTKauI=","nDlstWUnNa85Vk9fBYF9c8Kbm9zRkvOlKcp7l9bNmEE=","xSIB7tNOn/sIVSZCCQqrKMXGbCMxTo0No+W2yidQARQ=","VAYFcFwB4HSg/b0U3tR8OCX1hxC8P3Q04UjtutCCVNA=","LA3LlvJhxnVYJISciDJFxV3Nj+sPz9ms2Gg0T84/7k8=","Ff6hBi3eaaWbduLt2gLpKmPtoZShgA0pe77cN0p83CU=","mzRn1fq1Gt+1ELbW08f0lzu/EHvY9SjUkh+vE1TGZvc=","uo+pgyM3Pi8drLewAgwKeqhGvPBfBzJ0qkuZd3dySUI=","rgWf4XpKGT1j0QJy29hcdNKjfqMWG1YAOYKm5lZX0EI=","3qCwl3cbKc901hZuvNROqn/fSKs8apHkErBJHwdL6Uk=","lEAVxeRvhGBaZr4wWy7VtbVS+aAMvAUly48oLTPlz6U=","GUXPhkAcCWEVo3lKt7KC+SPBO/O9GLZoR7Vn20UpDBs=","+Qs4jPxp8iV2KpyV6Oekwgq+EjvMk6xR5XCim9BkDso=","qHsFFwSvfZbIsCftvcDWP2getWPvbjme8AEcjloj6TI=","mylFOhNcMnns8mp3Lj7fFMSOiKD5K1tyc0aWoG8i4m8=","QzbIsxjiB4tzj8kQZ9D8eWZYbW4xWBs3lAeO/q5WEa0=","T76oO5xRq2BEztoUfFEOXU6LT9/Z0VtFnp8lXO0zfq0=","aZqVtHqk5qpzMaw0VsocEM6n2gNxdah6pSY/sIBxFLg=","STbVlPPde9WlNTMRlYPPYJKmUtcAMaY73rWM3ckaPHM=","gEeKNAI730mnNp/Ro6XV3fM/7Btld2volBjLJm1FTN0=","VYefjxnlLY16WiITOM/Vs/zr62I4V0YFky/Vso2zLZU=","z5QTUmPMvdUQxUUf7l2vTn6GSXNTm96PER91OK2M8a0=","3oGco9iTBQUTDzx74ZuU0UEYIjS6aHa/wUEQx4yQ29Q=","Tb07A/+4VLt0CZf6DuGbGi1/paLNc1D3JNPGQmxA9VQ=","lX6CuNTImNWzvpKFoYfVNZgN0bF52dbMMEGPG9FSgFY=","z2dbjU1T0RL/yeEUYv7Fe+KhkWQXIa2HsmNU25llKzY=","RFA92ajLlPBB/4QhqA/6AFtvQPdJhhM3nvHBaWLKetU=","/7cEztT2zcw02JKBgukK96n5Mvj2d4RhPm5dsJrFTeg=","B4Mg+2ZCmlzLCTZstRly5YobEzIhQ2Y2Dlmfh8HY5VM=","fj8fNUnqfTISUHK546zbJK4a4AWeOhe/Clhm1ZlRvIY=","KDoQdHzRlp3/z/VXXkvN1RP7ZUlocwce+zlFySLwJo0=","p2LpyPrcPMqNCqFvnslj59c6DA0jGLRqMc1vGBD6HFc=","Tj7G4lfnbyoqDpEhDjPqbVbgLAMw4/OAKm6/3s940F4=","4D6LzZFxO5cNSFv5O4xrDM14BrucMPPAem4q/AdNiFc=","3g4xFwLdEuXSRm45xHoaKW4Tl2XpfCDnIzK9DVO+GCs=","xxVbI6QcISPB37aCujM7HI03IVye9/T/JfJ6DNQR1Ng=","+ZoVA2+IKZIjYsacw6K0EQ/9V3dxeAXWVnF2vgBNU4k=","CjriMSJSN3Ep9oC3i01xenDruml1JOaT5cciExC1L+g=","RcQL3ALGlGncCzaT2v/iUJkU6r1ts9H9Twx0pOzeX+4=","IhmeGTJF7sqRtUyB7XS6yB8J4ZzA3CnuLdmaBpXSzBk=","Wt6FlGHorRpDRmZEjo9RfChE/x+LWACWV05ZIClWwQ0=","/8FHK6Z+8GMC2ENf6iNhSVcdiwvxSmlKjozGHedDJ0k=","bF5N1SCRuIU8l6cyksKUozD1HkPL4qRS4kl/ZJkUQFA=","ArVs6euHbK7A7oCIAhhJ7EmiNEAY6zUKCXcOne5kKsc=","jBkoaRa8lndhm2WQA51y14ntL212sHgLl/KbFTpVYiQ=","Nnt1E6Wq0f4guPFZ5HGgKLNDk2EsMnhGlWhlzp7uNBU=","V2OBZHfFhmPcwaIR6di8pcIKSi02e9nXlY3Z1Tx9tXE=","wk9lSnhrtfyGpRPqYwgKSUIP7qG/16QnENqeN4kfK/M=","pmXixZkHeElc/HemTWNx29jrW+BUU1D4cafS9h4E/oE=","eFJ1LgdxP4TxQKa3hFbQtaSHZvk0tMqbzCnoiN4yy4M=","6iTvhd2pKy4811eRXy5ftFQCJjv+lPDdF9+yYZKvLLQ=","pktsIBZzECOxqPA0OWajk/bumcTEoqDLBXNXoYrGEL8=","5EBLl/zZRHtsno0U5f6eZ96myvqYSF9oXyUwwwc4sSo=","YA7P/Y4SGYrjrvAt+v5kaiUtMTEZwfSPrbGtwp/HoTk=","WX7EU2iWmjhHWR0SR8AuwUHd/ftFOpp7XeP1LGHPLGc=","N+xlWLZmQ7Ww/x6G0WtamxOQh09xDuN0w5CvhlcaNpg=","zP651moP5zSiM4b6bvNpeBAi6nclZCA2JQTQCfq+Ri4=","ZPV5EuRA4bxG/+6xvEtyNJ2dlxV74ipcJTvE6M+94SU=","l/R4PKBLyKCrv+FlIauuYsNgrHWCg1Mj/7X88mshoLA=","0Y6wMd9M8Q3IERfsBbtU16iQkrLTfTveIae5eQV9gBE=","9cRQBnL3oKcBLpqOdWAE+LfGGPbnIeXIKgpIA5R2VK4=","XQfcuaINqNBHxBNU53Xnd9U/UriiOfM1APP+iO+oicw=","EVibCqr962WBLRoKVgM3vS2/PzJDcYkx4I/ubcbwC2c=","nUKdrrPxb81UCRvLDJ4Cecl0X0g3pyBAPlXicyATarA=","bfbR1LzLFxB4gZNDPE4Guh+444jx/8OqTipfgpOBv9o=","5fhaKFbHIGqm0mupNAxp88uUZANzB41Ybvv5IBUSKD4=","OBuu9lOrfP9OgMiaImxzbLIQGbQcVv9Z3oHyF7POZgU=","/mbQiv/04vZ/sBSpPfVbNfDAvEg4joHWprlsVSg2Dq4=","3Cwl54jUMCbj1y7n36YZ5Y4mWt7pIFiEZyrGQ+4LGhk=","JgsyZMw7cqJ7g8xAIwzl6NB/DR8QvtQVPVXdipO7UBQ=","NUX+rr7h28sixbl3IYRScg44uTkWmPI9vEkk3rLwWzY=","ebHwPYr/6h+5sX+7LzJJTvqFRCKlxUHjPK28L6D8+ew=","WFMaVNZ5m1clTBWwz9L0N9zNzdtg4TiAkPJ7zvxcgFw=","52gX+4KSQ2z4adS3JHugTzj9nhRKxY1bP1wrLOGZCk8=","ak5bSKlzqxACfZ7rw0JtJXbtc8f8zVAuMWWU0fTGvec=","9W3klMEbaJ3e3EeMJnbkrT8y6kK7o9KT9/3bXeiTVqk=","rxentHUQeron/E6MXxR0Kf5VeggYRxZNHnIJHr08/to=","jJEbCcP2tRB0qzi0im/TDLxxF1TFuW0g1j6YOQxWyhQ=","PnU+3ctrgwn8o4j3G9nqEcPzn3jAm5DFNuSfqUgzkUQ=","NBFBD0akuU2CoFqsrLCRzMEzxuj4NAqOn6Vb/wNtm2w=","iwN/mHdJDKphasD3Uq9Zb2WnaQA1Jmpjs11gqPBlVlc=","cMqDCX5gtPF3AM4hEL8BBoTi200/XbGsTxfn/zGDJSw=","C8qwQD2/QchKrlLKetsE1KfjXV7UKUQTnULOyiOn/CA=","S6NBH5FSG9baq2en91jISC1rd3OjbVieLidKE6FKe8A=","UFhHiXk1CRTnO7e6785eGU6iLAfDFTfQO5MLBEkGeH0=","fARVLA2RyASxg/rVnGjnYQcXjyLvOaGdsLxXqa3Ss2Q=","JGzF+ByDBovI1sOI1/Xo7FXw/kBwhBawUhttSv/Td2U=","cCiu/LYKquitgSEJlyKBz+HgIMkBWLat/g+3sKOFx0Q=","tGRQNlTmWZwIw5bV3qt+bvNe8fBx7iyO1VAnbZJCyuw=","GkQQ/541DcdN2anAVdjIzuFWkEskJmgakFhUlq6g7sg=","jeKjxPZChQX1RY1o0CPlAU6CudyWge5YoJMrbr3WNKg=","Ikf+W7IP9DGNaZWKN2QE9mVOxhWDi+DPtT95l+X6cGc=","8VYpcR6T/fdmLwSNE/A/cirsZWlqQU9vpYWefmZEbSM=","ja/TucnSdcxAGzmyiOSs4meKipXqJPBxjGqm2WI0tlE=","9f76vUN8GMA4J5RYruF54vQ2AlW6QCRtlYNXces82Ls=","FThUJkpzW5HUhk2gv4uIRV5AYvmAi5WyKZFjhCq2fCg=","veSRg6Y8tPqgd2CBYsNLPakC31q6bFoj0725ZwIV3V8=","gzco9C+Nwrxflk8sUp9CesgyggfH1TKOG5U8XrYrOU0=","VwFl6Tikrrd+uWi0N8gxv22m/pWQdh8xPdEIgVVsNh4=","RGQaZPU1lMey2znXBz0w0J94VLoQavQlceJAiCM6Bjo=","iY/tBTosN5WBw8DVT/gYK3JYhHiBGJIXb7MFrv2OYSE=","YeEiBEPa5yBQAPN0sj840xD8A6QlWF/gFh32pbcwaiU=","mPUgwedW/DQVvLLly4++s4MbKQ9GxkepP344jXFpIUI=","q6cgXYTuKt6/HBz2DVXQNNhi/7UO09FLszIbcxLqSE0="],"block_size":4096,"path":"aria.js"},{"block_hashes":["fPkIkr+YLaueK/w3kv4hw5eO//f62b4kgzcxut9XBXc="],"block_size":4096,"path":"aria.js.LICENSE.txt"},{"block_hashes":["yHuF0GhuN/bL0ZK/dfEmDdgzRT9xIKaIRP3fXmgbsU0="],"block_size":4096,"path":"b2ad8477497f8fc95224.svg"},{"block_hashes":["+uf/zfKnrIZPYnaaiPfc813LllnSfRPdqebScA4O2lU=","TkYtVEGX3Z3yJc5s27RstRg+iG6VwYMaIFTID/4EUC0=","ko56aui2fB3uivaJxiR1G9KesGN3wMB6QNhAZexvEtc=","5wJgS91qJJInQP9sGA1S8SljNdLKuogAYXg2NNPNBoU=","kEG7kr8x1P79ffz5cT30j4dEXn/14FEssqb4Yu9xrFA=","dcFMKvA9MO9QQNBIg2TlivYx7HNXGuwrTvX/TK9oDrk=","6RcnQnJaUd7aVUKVZrskLU1YzvhN8BVl0Hjvk3GfEmQ=","QXoDulyHRDsUeF1YXJHm3GJW7wxblBWBVTD82n499j0=","V6jBSZM04yj1Uj1drCqn83TyF0RvJlMCq3r7QpZJK1o=","+LSjBWDlTE+J3sWklxzfWnvxrR2XnEUZ+x0KOEVogIA=","VAMH6w72B4y3FKo4wrGaRqRSKo6wJUJYnM9Rdf51fIk=","chAqMgBXhSGSUgqrFt5XYU7VefCwxxgLRkNFxXFnzZI=","6VhVAtCCb9+mvVE9qXQgTdhQGdPfPJ6Sfh6CnT4H1Ms=","NgA9GlnVN+UAb1QnfGVC+tF5z3gp7tzNe+adI9YBVUU=","2M498zAVwc7jXiq8KwNwLVK2BAcUoEKn7VpFtEAiZd4=","HXyy+30fYqALO2Sc+BdyK7u1HhMYVBWQDw4MKoHCUGg=","SurWzpFmDqKuEL7v+7+T2crft2Zu41HulNUs2rbDEio=","qNK9OywAA8Fss1utwpL+utYyITcALSXxD+AigGMwOhE=","f47HjOoePPb54J9+7/xbu9C3BhCbMeQRYECliIYKysM="],"block_size":4096,"path":"ba5622550ada9b5ff2cd.ttf"},{"block_hashes":["iERs3edrfB90YGYDFV06MifF29srNki+Knrvm7J+RsY=","uRIc22awKMtrhA9a29J9ZljeI2RveRn0GiGr2K9zjkQ=","IFYLTP6LtL7DSV/AstLYrEYjTRkfEFmUi5030HrQ2Vc=","xzwuwWTkecE0XOLWBGnu1acAgAfpkGcr7JEveyZQkv8=","i6owTzTXZYEvV3+Km+/pISQIwcCgP5vCK1B48fT3aOo=","5t81Vrl71Yj7VfwpKYj3iDnywboi/yrRspKOpkQ95kY=","aHVCjnlGPnmqdTo7p0ch00Th1lyXgO2g+xWXFvWTbK8=","JwB1LPA0gxQKvpiKoEH2hyqeXj6/9SAvgVTO0b4ZTqg=","S34oYQ9TOd88xIMfn7exToAIIPS4VqNNNYV/Qj8Jztw=","VaeHoOm/K8uT9nD6VE1l99ovMuEguFASGGWb56gsYf4=","03UAp2EbPCY3RDzGRhP5QG9dn7/4/znsavj6XGdnoDQ=","eeI3Bgb7Yc9uWykAynVt/3XFg8+0ZGFkvqXKEIIxyAM=","g21t8pvN4quy/M2YT5skqO0G5y4V9FvNlt8vaBYVB9E=","QJcdEzpb5X4Zl8l8SE4jL9vpsZa11n++aZl3aD5+PGc=","eNORRmCvlsdOIeC61UB1Vo1jCMPIpMfoVNtx47z62k8=","jK2GYUf0+KjmjxhN60RLljpqaiHGmkZmf0vYmSaZ/ys=","RPbTe3FvRXX+Km8WrIv+CUuHpXheVQJyhRrK8A4HPOA=","dt2R2CicKbNlKpnrYSi87ZcMzJQDQc97mTqvkx2BZxY=","J5uslfJUi/xiLSaHkLx+40J4YUy7cBQW3KLGTvaNMfo=","kKgxGOLLD4OCErgQ4k+2muBWtUTQdfJ3NiF1E125+Io=","5dfBsyWssIXVHRn0bMxFphM4FV1LBURfrI482WyOB1I=","EXQyDkt3KEa4bzTMNqtoEj4az5co6pMDft8QfbQ4SdY=","KWnOCdoB1O7ldeiVtQLhOdK6vsrFMU+Nou3WmoO2pZA=","SHMqheYfaEFliRj6YdOWkoged+Zx/roIjEwohH0x1Ik=","LYswBTSxhhXAEyfbCInrM4qyCdN81rGhrhuN4hDV7iA="],"block_size":4096,"path":"background_worker.js"},{"block_hashes":["C2j5J+QyzilK0x+eYowEYFxX+yRgQ9SQsHt/wMstFDM="],"block_size":4096,"path":"background_worker.js.LICENSE.txt"},{"block_hashes":["z0HeaQBaK4z6CzGSjp4vONOUaAIQpKcwt6+iWYEWLts=","EwW9vkyr/3RaYra+3dsCxiKO+gX6YyCpyfvlfSXZSxk=","m5FIzpisoBFKdQjkek7u900tmibZ1kM2fgfPZM6DK7c=","knHaRrTPmOc+X4HCqHztOw//87N/m6C24rCDRezp3Ag=","Yubl6lsr1lFKmbucI8un6sqnyKttL8CLJzTjUBL0mAc=","c2YgDsyhl3J3cNLmylVEWSvpHdxlwmttazBztTYAI3Q=","SKcYuee7t1BVm2wU6bfKEjjEU7hhucCeFau+maLpUHI=","o5+oTsgQr0NvlrHxhBlYHFxEX16wjMjsRzYjic0MSp0=","Ne1TqLTYHE5PXkLhmBZRdPEEG3FRnQhZtTaKbmRqgx0=","P/3aHmaXkum94ceNKUIB/Q9HLL9SF6K/igue/fuQa9U=","ucxC7XoBzG9R93GEaifo6O8sE4xMPm1/bEj0vMWTQwg=","IgtZzMi2tEouaRUs8UMebcMNgRT27Nc1pM7WepN9+gk=","3kgNLqP83xlvj5qNNbT07Q4OKrHVDm47P8KuxPvc+l8=","6F8fXgkJUCWIO4qVs7YXswFJPm9BQ2U4WP7KcMAoEyE=","nIvxGrt8owVDOUF5l9sWRxZLmtTVad02AnAPDR//qAU=","cI23jFC8TiUHb2j43Knzea0xN37aArHoJwcrjWfSw/M=","9dybGCC7zBwLSOYqRD320BylUa59D3oYZs3YZgf8rvY=","N9WIFzvNIXV4bz1mon8tkf0NAIWwUWo57tmI/QzXrWg=","Z/Oh7zlkkLtPORX9ZTMLAwOJZ8tfWydCa0DZU3xZjI4=","u43t0NPyxuNB4sK3QmNYCtUJqN+/7PxbIR/Vdg7WGpM=","GqHt/J9kucCmhU1OG6T5vxQWJe+6Pm6k5lqn86M3TEY=","3LwsX7P2QPGPI/9Q1qPzUD1ZV3oPqbE8tVpHKTGY5lY=","jVoI/LM7K27Qb0splpmI0oAdRrApTu16W0n9oIP47Xk=","SvUUTVqbImoxRe3YfdTn+369QKPqetFOyGU6tTv/Ep4=","QkSxNGbtwJs1xKQDpkp+Aa+dCRCkldU+HSr3xLyCRiY=","uXR6ffspVIUUC0h0F64o0HDSd1FsTfJidL1zHStbqkA="],"block_size":4096,"path":"c1256a1c124e69d483c6.png"},{"block_hashes":["Ez3wzetE7s1jgfP5fH7ay6mVbZrm3hkC98WpiLno8SM="],"block_size":4096,"path":"d7a6c05a1e25e642f6ab.svg"},{"block_hashes":["Htvj+h4x7AB2F6Hq52DLf7PGjE3H7KwLtjUIh2PVHD4="],"block_size":4096,"path":"e357c7e21fb8a2224b04.svg"},{"block_hashes":["3QIAbeXn9GlxtjeTCsv7+SdX0yx46qIlP4/AKibYSnY="],"block_size":4096,"path":"e5dc591367f544aac02d.svg"},{"block_hashes":["5qvG18XhSFKBeJAI8WZnY/bs3MygO59+KhtIzCiAK6w="],"block_size":4096,"path":"f192f471a1a8ea34754a.svg"},{"block_hashes":["PAF/KI1pVohsA5oZjXzGKFjP5WCX3iRyzGzEg+59vPo="],"block_size":4096,"path":"icons/128/icon_128_black copy.png"},{"block_hashes":["nO90EmtMpZSO4PT6ONSVxcjc/loEz2xidtJbYMCENs0="],"block_size":4096,"path":"icons/128/icon_128_white copy.png"},{"block_hashes":["cU6JqvXOhwVBarbEz0QOFGu1JlzSSwL5cIeuRpwY7NI="],"block_size":4096,"path":"icons/32/icon_32_black copy.png"},{"block_hashes":["tOCRhHymxYVaxodLa18H2+ULklBvRgk2dXN+jPhLkZU="],"block_size":4096,"path":"icons/32/icon_32_white copy.png"},{"block_hashes":["KIxZ4sR4fBWK1uWwsSyo5LG1doDpH6ER32zG+xLwKs0=","HyGT2SahsFbEqJQSY1PQ+KkNnPg0qCGL86XT8Toxhzc="],"block_size":4096,"path":"icons/512/icon_512_white.png"},{"block_hashes":["Oj+LT6iSN0V+qrWshE6rh9hJJ+PSaNDuKxbvDNa24qk="],"block_size":4096,"path":"prompt.html"},{"block_hashes":["E1NK3EmTZBWw+R2/zvIFONI9jR3N7udINhvnm8EOAoA=","U5A40httunM6TxKqxxvTV8Z0O6nEVCvFCnjAieNapW0=","xXTyro55WkWMvLJZTJFrWMW99t1dMa+LMTf5EcSssvY=","kGxgdobeAq0shW5jcDFrN3HFwUNv2TTk+aGa1lkDeTc=","PuFPUMM6CnqaW3/cXKAiZgAs4bmwFSXcmLpNvqbCEO8=","Qusi31Il713IofE+aR+fBedvMJLQTuQBkzT5NG8Pa0E=","ep08lbzDlg6cj+0KFL4V6ZLVP1dOIKp84wNhak8k3kI=","OIiNJ2VYtc+FhSQAoZ4pxx4wfFrcPtx9o8KaORY9Ftw=","UjHIXECWeAqCHxpDy2cvwd2/LMJmYUgUhBOrPWH0DyI=","Lbx/kluRC8pyBbyV1CSJGrNSIiWPx/eksSBpq/u/r1g=","7I9+fOejJRlSms0EPiKLsq/vg9l074rwiNB2gsMTEhg=","a+SlCSLU5b79KnOUCyq4zzMHqEp5a423XdLC/W+zm9s=","QHJQsN5irBuMJfUPWV4fmC4T9q6gOIPEV2eo2XXh0pc=","wQ4i17bFJjrKoMoacWEohCd74z8WYSAzwWup/Gq/t7g=","WbFe9bxnadPbt00Ag+kREJaz19sz4XVE7f7IeFRJqrs=","FJDNBS5qsXC1Hw7QaV9gHpy6az+v+G2oBsFoBiAtMIk=","jWjx2VAt2VUk2tCJGutjvZikQLkwl9zYxWtHWMgb+WI=","+pQwc0/ECidjv6+sLU1vsZLq8Pdlz02lStOk06K5luw=","B7R0IVsmA7dqPyN7Q9MzPqft9N4QNvnH5YtcQ6SZkLo=","DKw/cZYKb5vw+L50+UlF6BV1vwC3yDpFYfrH+ioRx5M=","E7e7diWuO9BPIDDgFC+UdIzgqBkhcI0isyf6c6Epj5w=","lCJsozDGGJsceMfzGVUomeGBv36cPli7XOvfSOGAmTk=","N2hVIQfRViUJJeyRQ1r6kFcZpFI+YaRcec97a1bvURA=","8K2RnojUc/wKXb9ia7yysurFMKwD2guLZ00nOhKq8NU=","S+GN6SNdGvPiCtKlmyypgiPYBkRKunZ3iumE/YxIdGQ=","pDwLUD5d5EY/OuxqusiX5JNkAfY20EFrWF/lFOCLN7w=","Q25Qo5zku2w/ibq5ofDXjYdVhOAMQLSmZDsZ/N9cGCo=","Ucrs/7JUzskxKMupSrnk3+iSbl1aLmf9K1wKLByXY9o=","nkpDXhHBQ3BE2nQCpgH903AR5ZlGgmegIpNICMDCQ7E=","iQa9IV/PsD7jDASAxPRWckFKLgxVUr8czEDhJN8m94E=","XICDSDmB2j2DqXI2kdibPHP47UcLnsEAnfKFmt6jFVQ=","jnovUSqDbtQ47UKsu/kg37zWIHMWrFbGtv+LILcJfNs=","zhb9X57QDmPAHVlCRaRjRe8onDvjZT2fXnnvXIdyCT8=","PuSpe0Z5gR3Gkn0znS9w9BVHVYzBA8dGDjOIQ0kpVfk=","qCaur8aqzbcH5FDormxRJJ668bWNmZ7Jv3fOySAKOFQ=","p/6kE2i0PHtuAGwWGM0XA1Tg5vC4j9alDVmAcBRzo9g=","GLZzVIarAKvTGLbLeauYUs4kT4oVMsLYUPtSdsJ1tOM=","Wpd+WDnOyzoF/LmzO/Utn9f9g+/FMYOIN0h0QNQvj5M=","eEh/AcopeIFnTTLU2Y1YSdwn367Og5f7uXC0qN13W40=","eYMKxT/JO4ZUP3hJZOPqrXldjkFAEemwsKdU8nCaLns=","bEfkOgVPmKed359PPlisyPazlyhZMdyIV4Vhs4ETTSA=","gk7VcW2whD0f4VOsg0h1ejvKZscNFliFctUFBJpX9uA=","Ylw50LD2KElaoC5B5q0GMhjQp68J6Ef/bghHbGIfeEU=","pWgHmLRVcBDKLCzeStQC0R67Hn16r96JAx6/RAZD18E=","9XQr3ruLlGn7Fx/JrSCv3qDfyMMOcD5lz3bE4lOsT5Q=","zj5EHVmBXwb8+9vQpoYpx1wuofIv8TVzixhv5RZloZA=","kCoXO8XxijYMhxWFnGUCBOfezfWzZ+eyDG2/DA04zzo=","pzQTHJfn0T2H+pxVigzFJ3PGHrOhdxQAc22U6RAK810=","XubBtXptiN4XHr9K6LmeyZsCyQ7wpmGlx1Lqchtdolo=","PvHWItD1hW1+dTtTD7xoVgrQcta+5g2hiyNcKu1VI5Y=","o6JWDr+m7ETaQl8luY+qMRw2c7vhGz9J9F3qsD32qtM=","dpSiNG1PBa4qN5U80OU0GAz/NANiahKzAvgCOeIljx0="],"block_size":4096,"path":"prompt.js"},{"block_hashes":["4BEfVkWrrXB00aKLRzOnrAl7j75DguVy6qHQJvXnek0="],"block_size":4096,"path":"prompt.js.LICENSE.txt"}],"version":2}