{"file_hashes":[{"block_hashes":["/yFe57e0ORtyKLo7tsXIx9fZzxwqrdUiO2NWyAFWw6M="],"block_size":4096,"path":"046461fc1a778fe43d99.svg"},{"block_hashes":["QDATG8jtatcMhn5qxxvnOCV8aCHcNMaImWr6aNQclT0=","msV8pCgNTTXrp9UJPT7bmWOWYRl4hRbHeK+m2+AIp7g=","1AkGtdn6GB/A6E36laPnXM4T54dygcRJ7oL3oEwOm6Q=","VaTZcJE/9cXTh3pgfcGAawpS0X4rjmdZNkC2j4Zm/Gk=","NpMVfWlo2FCqIGT0nmC/p5PLJD4qpG7Eo+bK5PDkH5Y=","yER477NNnwz/wQPrALTS1KAirIpDrTctnRZn3CKiQ+Q=","0GTe/gtC3SZRcbpPqgDodriK07CzSh32yzcrk23DNpE=","oOGVP52Uk0fJIXVyj/XSUVM7/XkdHxcugF4zZvSh6eY=","nr9bbFFOJzyKzl8tOJTA3HsS5zfC+Cow1OMPRO5KMRU=","GEpt8KaPcHNcNfVwLy/CTW3jgD7rGLtNiuoByHhbJlY=","f7jFDfQ9UR9E8RFnug/tkIxH0RdaJXyYfcL4aM0N4Xw=","tQifXIp0yEkaZzVgpgNk3xDxnm2BNv1gklP3rduFCwg=","tQK1tG9tNRM+Fdgh4CRz2GdmBNCuEunS4aAQJuvTQFk=","GpTfc8yn2ISWpkrnCTrvEkPgCWDl3024U5u0niZcN1Y=","vz4DFMhU5FmPPuPL7EM/oYz9JgxZdN45dzcrLOzh/dU=","cSnR1ehUHzZ+yRasytuCcLt3rUid+vnJyTSUKjpxBys=","2JNtKoDWNu9zMmBpmj4lXZYEPvqYsueR+ezzxwbYyRA=","jtva3gnxZ50m0QVjtPbrRKu3YsG+W8ZCkp9LVBU7R/U=","DAi4evR5KVOAusOSVbdsckwEWWwzWlFSeilY/HyKhsU=","NXcK3ol0DSXuG1Q6MWOMNq/Xdw4DpMqsrdPDVcXavYg=","EhlTw7DYCOj9GS4Tbm83/9jHXJwHfLHZTkRh53u6o4g=","GZb6qQjINPYLlVNEDMZ9VClYIKR+Yk+/cL6tqjhxfCI=","LUeYoT1/UXMnWPFPlZD510/3vvR7UWTPnNXxWYw/9Ro=","+/EVJumAipHzgTkDk3hKfvM50i/HUUfUGAC0LRP6JqY=","YlAg5JnqeC7HSKT+1IHzndhxK29izJbq1kKACM2n0mc=","9KUfSCLrz8/bC12ezDJtU0xHLu6sGCiZphfAza7ocqw=","6b0cwaNlp+3MOSwp0b9+OqzMlm1kP+PF0+jEqup7Uqc=","2cocD7tQH00WL7OLq5lDgqz9R/3NIo5bfPhgG8q7L4Y=","gFVAdLAFupMJ6sWQUrz5xFEmyIY8toD8YsmiXVL34O0=","Xh0lVU16KPw19FAIoHL8T/O6kUHGFz/3lgnl3/9JbGs=","t44cLpL/Wn33eqNu8kmueXyt6LcAO/6v3m12iNvbcHM="],"block_size":4096,"path":"0eebbdfb27d542c486ce.ttf"},{"block_hashes":["6Z1qIvaWGrExQN7emAtU/yu3Q7o28u08TLsUfoRnQ5Y=","GC9UTmMEawCdWkLrXfzIPslalREasJo6qi6+qiXIoxs="],"block_size":4096,"path":"119f3e8d7e064a605fa9.svg"},{"block_hashes":["n6gyLiAlt1JUoWSHYZJ5DguZsz4biQfH8QhSEAkJpkI="],"block_size":4096,"path":"1b3b83dac50be6b9c503.svg"},{"block_hashes":["N5Maqk+CwA0eS22Wixv4FayP6DjYFqEwgxtp6l0RzDE=","0FEtL5QYHk4rP8vN1lWR7YviI6KK/9E9PnfmTx4bke8=","LWnxBO9QADGT083B2PQTtgWqXYoGNTfgjWTSxVrcbD8=","ZAFci8566DSU8Hv0kp6n3LoqmrtpXe9xx23fqU73VeE=","PVEeXyn1jte4OXow7E8GmUPwHTXWYZ0Byj0cX64uF0A=","j2cXRx6rO/I/MKNy7EvRM/XdHgZAsiloDCcgDWLFAHs=","5+5u7ogeUsZS9qOhFLLXsiyVrTZc760icTGsXJMIKB4=","t3IofPZ2lY0kuq4FKpCL26Reijamw0z+IngPU7wzxPo=","R6Mk/qcWEkCYqiLU/TZIwbgHWz+jmNSomcRSKbz5oXU=","mRsu7iJq6XKnzTtyL3lKrg25VoUkk55hTC2HG22DoGQ=","FxaAmgVaA4S3tYB0CNAPttl1pTAxjiM9u8ZH6p8zVY8=","2nY+0Ja8lB5epmIIF0V/RQTN6Jy0v/frIVOMCVjhTmE=","sZQP+AGWRkzTSHoFswH2FGvFcZLm6Romr3YMHwC5rcA=","8FkM7OHnCw4IYG4WfbSJ9ImR7H1baUuYPIRapoYy+/0=","AyoVZ2pW94lTCyb7q9XO0sw53kb96pkRCvUVEVPvokg=","XzcrjNTGV6LMXYvk5B1aWWnQCeiemJrtnD4GUNpP0jQ=","FbSATrZDJr8mPcf2LpEycW6rYom8YK1gXoYIatwOVmY=","PFzM6gLZUlFVpDg+FC37/jlakuKOLfBmRxufKabYb+0=","83Gj5eskaTQpqQ2vY16xoVmmsXxsziEy9371skwH3ng=","iu19nPhI8R3NQi8I1FZ34zFu8PBp1OGSQUD2UkGbMIA=","jPmvhmEjWo+cECX9NuzG/Dr27Xf0sr2Lll+0A3vIgNI=","Ib0vcSyMJKSwb9s1k2/6sEhJH8+S/fd580ZGO7Hm2N0=","90IMFd+Op2/KBWh5uglcv7rMtRzlLMJiZL3bdybDlfo=","iMiUvsVMJvTQXf/366F6eJnfZjXkSyqZjjCQ8jh2Qx4=","fuAGtE+9CIP/ISsDmy/oaQfK6c6PBfBwqXuE2HM6DbU=","InTpFeUnbab71TsHElKNyGYjTaAKgPhr7GCEHSzwN+s=","qKk/tqzyOVRHgmrG7d0vcOqZgO+Xle3RjUXjnW1H4Fk=","FaP6Jzj+lenxG1nNFdYfc7wHoxHCSYnw7Jr77E4VMkc=","ym66UhDPfRZH2Equ8qkpyvTJRe/NxVic4iq1ylsI1k8=","fS+pVqf4Jhysv2olKsJFNho9biwbZEveVYjrtkBb55Q=","ENfdtyTDe5PEtpN6noKznR8TnzrAeNvtk12OeSBCjLw=","bYTq+gW8Sge9E4F/ySbmJBRjee3BIjx69WszFR7skSA=","IEVuqRyI/KjkLG19WkefwD4I/E8yHLhIe1NSi8m5NOo=","h7kSPGb1ZOZPSbyjiU0K+2EOhwMDtHU+nv4X9vPwsL4=","aWxwqYchpJtJwBellJh4sl/+TYMlnbGRdA2h0Ru2xiw=","HajBI3KSxPJiIhonhgU9Ep5/9Nu5+Ir4imZSG9jU+tU=","5lA94MoLFZXcUfv64olXy6u0jv+E/6LmwM1Shcxzkrw=","sqZcWnAH0sAjzdIb190OF3l9YEPt1mV/VY+FqxnivNQ=","LZuH0AnaB4M5eEZNNrejpQtru+e7t0NToJj/CYLsZDE=","tzueKY4cGfiyv3GBKmh7aAdzVVtrEahT+pYT1uGOj3I=","24KIOjR7s42nXsKI0OCqx/+QUgMN6SMmDsAC6dUjvsY=","lXyrF8wGisdsDw7B7g7HsYI3RuBvOmW/eyxKhmsPGdI=","F5Cc68vEEJM31438LLxG3Eix2963GDLabKZ+HghOd58=","ZPbhv7pA7Mka9H56NDog5BhNEzQ0cyJxOe1YfOxfKy4=","a6hbKqX4x0Phn+psoTHUdfwW4i5SnCscbWanNKEBVDU=","lJsMiSYuP5DEzzkAnV4+jJV2eqIzW3wQXTYs6ICkYk8=","eQtD4EpyfDiscZpB3GLuEi5jhgjIeIHVVc6sRlh3u2k=","83GbeqYDxNWHinEMrbKi7hYCR1Z4whTP3jCHkFyoxvQ=","t9Xb/i9z8Yaf2yr8UcX504rsj1V+yklddbZpuIR3MOo=","AtvMrtljqngbDa7xAcg31It2dHPzC8a61+yQfopqWn0=","eXd+cLksemGWYp6DRXDbnWfHADaLJa1Q+ZPjZMQKsXY=","V2SfG9SCirHw9pZXduYCVzqHyq3CW2IUfpiEvEA6qnc=","vqKY2FxFT7txVl/G0eRzXSI9Dms/2lt10jwnUjfpcE4=","T3kZRoLECNX5G05Ch6hAfnBnhH1wErZetGfdlQJAGmg=","w+Yt9zQC3WpAdWJmmmMs+dJvRtx7dHa7LKkhvSJWBrk=","EWma0Oe0DBB9GWeqS1OXLF0nz8EGftu4tyRlafFGs+s=","f68+m13V+E8Cb7pkphPDeO0D7RI/EVNdvcJQpX2Xa1Y=","QBsbkLf9TeTahcldtsj013Sesw4WCExxW+wwUeoEVTU=","Rq0+V7RnXqdve9FT43BgsnrnBW21rPrygK5ZEmqGg5A=","OU+O4NT9zvPYmwQc4j9o7ZltUL9kW9sjOBXKYawkVWw=","a+ZXWBOaEV41yVol2Ji0Nwmn9dmJFltLGbmd+9FDZ0c=","18Lvn/+Z3nAA3Ls5xC1CAuKS75oOxgHu7w0Ks0YPn4g=","fjfCGwv6ZWlYqBBT3RlFcW+8foPyUIaiQ/ydhqI4DIs=","BJm1BcMaVC70W3nShlVPqGg4CB1cFjB87o2KPcP83U0=","PplpIQhkkFYBDQ8AqUgo0g358DMHbBLAQBvaiTdumP0=","MYKzpVetpizWesUXUuuKVtbfC5A1lKvNHvOBEZHBXdQ=","QkGhgIBJBYfdOBiXn9wbEoZYm2hw83qL0ZaQydJsjp4=","SSt7Zli4ha6wEmDtRe8I7HaMmCt2KhpJvHPizCP1ytc=","AG1k1NjzHpwGOK8xCpG5fyUJJD+89oo/puLRKwEmSkg=","1uS6ijTjSLRjWXuqhfduouCIkiPZvyiGJLNuV17tUwA=","nHhoBX0yqJNTSTuCqUfalkjJxML1cLBFuBmffNksUhA=","DUKv/jaPpGXnVxoyFFaznJJQlffZXF73Q4S6K7pvAkI=","ajFDiTOurmDf/UIFEsRyjQ5M6S5YbP1hPeFkI37fYF4=","gAdYY1blTo44Xq5KHohyRtiyuvrxxMkBfGSB+SFIWHA=","3D9fdgU4z234HLZaJvgkrnqP2va3XMZnAQs5slIfTzY=","nRW4nRrhn2Hn9es6J1f0iIYEypqBRJm/TsM5tHhBaww=","ZRTJjUnpPJhpL5XejdpKV/ygcNYC9j+BXZrfFUmk00Q=","ChzSEXthehqATQdpkZvsDHdO+oUgges9MdYPAZoZFFE=","ANOZ7v0mfIh+00mJOa71OThtUldwrQvXdVThyzoi43s=","LUFxCiCBdZ11syVgfvjNdzo8lMzGFGOl5e0bUoXiO1Q=","+Zxxd5ZptfN+J/MvMnhIk0paSMW01WsUjj57UvlBN3w=","0OnTWjgMuwY7NNZzeOTPcztNkvxUy63FTsOR0NM8tGI=","+hmLhsBtvBww9ov8Cv4ZdrvrAUA886r8OYjFuu/AVCE=","Y8+WZ7WZoTdnlusQUZ+RmFiM5YUgtdLT/tUBThH7VTM=","EZksXCN5C+nQjQAlLEWo0W637OP0eYo7QyNUGGZB4ww=","39PxsX3aTD3qqT/IldFbe0+8ygyR42wx2FNE1pvk47U=","fn3ycXNa4f5asjEdaYIEIKK0PXtlxaNSDWQqNSI1SY4=","wV53TKK+M4ELxptkfs+UgBqAp8I4iYFaUv1HSuZRxPI=","TBL0GrPmKkr9YUKmqYbJ2jJ7/LjZLbKInw+N8QwJyxM=","toKvrkx49cUWzParj/vmG8eGIh0L2p5wq15Jzf865eE=","K4iWqBp33b9k4tWyJgj2ZkMYl4W9UileQR5hxyzuY9g=","wMueF/zY27Z9ZlKLUJ3DxTbMiwzSmHZoQTPpT5gbHFc=","O3RNCgGwibY02LVrSfRKbfptDiVDqwtuXtjzNZK3dgM=","GqyZ/q/9Ab9nxKSpR/CuU7fVOHcR1znu2GmQFFDDeDs=","eqwvcmgbFI8aX0uzBlVvO/Tq0aS1BNq3pFPHSoFFYMM=","dmwtwn9AUNcKx7yN7J13ho5ZL3hZ7u6EspQF1ALnnpQ=","SH4aAppkgNt8NSoBXF1FsY90q2FMoVQnH6K9igqRuBU=","PR4qAb9MhN1rIL51OsZu77Zv1ELLWc7JlDZ9hV3Mqpc=","aWCqpv4dO9329sB7i5k5Tgvbw0Rafvg7S6ojruH3Ee4=","GM1/dUtf2yL6BbcFQlIUpxY9gPqteRCeK2HY8NbNGuI=","sZsDYtCxYRN3oOz8FMmtiroZZD7//xse4BNG+9SKswc=","LyZKUBcI78ZHvFzAki+EmlFj09Nw2V0c+ef6MiC/c7U="],"block_size":4096,"path":"1e1c0e29b79b49a6ff4d.ttf"},{"block_hashes":["la5+BEOA+t+tKu3YEellC2s+lKOYsMxfcenx4B/NZD8=","3a9Q2mlThZOd7Xs4QtMQYpAdUdp66WBX+6xFoZpJGKI=","3LCLyDimfhb3yWW5vpj/ZIKe0hcvf2xsIoVX2haU4kQ=","YSjhpxLlxG7FzgRtKFKPqlJW0B7tGTYF9AWmruDQlyI=","2vB9RFZGS9u4BzFpU55W3xe+XoPYRZ847kwY2jL8kEY=","VNufaHPQ/soquGrDWuhlWtVafTCv3XfBrsGxHfpqNDw=","5tW7OUO/zeeIMZl8V7F8cBDp2vFcHKiZ1uLwf6UjHPk=","2HhqGESQctR/xANFAdKtIt59YK2vSwJi+PoE+XPyCJs=","KQkeV7SO41Evk9Y4/EMYrnY+nrqTXxjlqWl7ccxlmb8=","poZFrhAbDmMyMlGmmc2CQ9ezJ59kI7Nd/GL9v2EZgzw=","iuD11rT1D1n5jkYubfACrIlUaliZM8kR1PR0CgaPhxk=","OPcsGcX3X3phQVhuFdPFdYA8OVqU0FD7kmOya6wYSok=","HqGby+b7wL6UjSUOn/ZkGHa51cX5yOQyn2l/Q721rnw=","mViB36w8f91JalcapSzRhfVL9vVXdMSL6m9fI/y0cCg=","9MyHlljnxIW/fQ59509zfPKZI/6mYTGSwsXgF6saSFc=","KhVMJjRRmQNTBkgK1oQbZ4xGpbjjyy6FeKAZryapmnE=","gievsAkZxzrkkyUJnPPcC7AVcoe8XaeLk535aVVjA60=","pvJSCKyxRJDtzaWq463my9pvv7mUxPVaS+ow+x46jlQ=","4+QzJedWIG9yDcqkPIogAHjm+pa8YdI+ByQw8tKSc7M=","aEONXWI24kvnsVU0iuBGalwvjEGCz6geqhKY+Vt4f+I=","G1tF0/vywoVi+Uwi6Ot4lGd3IYsoKTTbeOVG1UALZiU=","IfvanpneE/VuLsdXaccuV6DhRtgvy3ZKvEJ5T5tSjL4=","flEZby+PYaU6GnZh+iWRulY8DbJi+Y6MK0JvOnWvZ/4=","dmxyho9yVrXQwzr78Rq8DPWp6elLwlsMCpxEUg9XcdI=","Om1rTFOVxfDPq2S8pmmgF1dx25PfHqyPuhpi40Jgqro=","GcWi/6MGDFyGR1ae/PfTmzYk5aQ3Kx6iVliz1xjR9tw=","LowbeT8QAjfWto5C5uUCJUg4qH6A6n0oMFSG0C4MkiQ=","5qaoTH9JpqngCAqSRtVaSdHeiMTFqEqheQA2CQhpthg=","QzD9FmVpqo/8CKDLVdd0w8He7DXozMUWTmgVodLj9nQ=","ZLffkXpPPvX4/YVUA2Bqrd0QfOt0ATAwiP4ANOJzdgU=","cV/r6NGSogd1pHyeb43+y7zSquXsLuRcBYaQ/ygf1rY=","7VhI8IEXOaKNZ7wCOdDH7CWjcL8zvMzi2tsO181Wx38=","iVVo12BuTxlWUDA07g52XXm8r5OY7y1bjEFwf75hrSI=","CDKqU2ORQTJ/0V2YFUqdg+CFNxDLQnQ1fqodMFV6EDI=","IfkPTKyXjScDS1gwy3sjoBF5JM1vGldcA8AbTvmxHLo=","XLiXGNnk+gBzDLVX7JOR48+iFtcIlpvm8q+5sKchJtw=","Nv8IGgu3ec/bJZfpPSWVFe6wJPWulC9xTsrpO9pwlvE=","IdVzJoaD8sebkjk7rN/hfLNDdfxp7kdvnerk6OLiu5Y=","comklIFiIZouwmvbAUDb7KfxNeqJ0kIfNuLY93IiVvs=","9Rr7cn2rH3NTyGaDwAldklLv4jbK1E6WmJ2C+HgioBo=","R2S2t8yscrFxNUMAzh6l6sAtmjQnHwq2rv2bKONSCd0=","5vdl0RQ53f7OVvu1lxzmtFS/3zntrqLXjF3G9W4RFQM=","XXO1YgTp+4dxhudO5ROTowQqgtgnGBDlk/slicFg6QU=","rG8Srn70F6ZDeVB6nVLSjGAWRR24O6ZvzMZM59SNY84=","u1h9KdANPPt4PdrljPYX2utOBVXgtkgEFovgzl6AGjA=","M7mS2RxOEwQfSUK+VJb14lBj7VClHmjcXwRNIOh7Hos=","O/jafddyAZApJ98vnBwLR2TGmzakuiKMjogxQzO/rVQ=","7Y20SVweEyuzyKBkKhYfamp+VaIs53LwcAkmrLdan6Y=","/3rWA14Ts0Khwplxy+Zc4wxDgHMSFZIklPnRqKgVryk=","g14iAWHvEpm+kj5tT6wslPuXTMlamUAYiBVYrtLRcp8="],"block_size":4096,"path":"2b1d5bea6b59d7df7543.ttf"},{"block_hashes":["4+M762LoCYdjXL3o0TM3Y9P2tLgV1V2/gEQkoH8cdig=","s0sLQnOrHHfgBCTiXhXaO5vaVvrbcOk3kxblhb2jJcs=","3i7cHZ+NHRoaW8wYseJrIZLrZ527TB338t5BEIg4iUY=","6QlgG6IOO58ei+raVvT+N9E92zSHaCdMJ2Y86XSPw34=","+PxamRIwqouXzuqyjMIA8i+0oGxpjmq3xKt2NgrMQd8=","QaDYQkxrw9saKdrmqE+XT35JyCV51LdMzdSSPXTGJ8U=","JvIVgroONfbw8z3Lpuc3Er/EhR1TXbne+KDkf0iRM+o=","0M4rlSk2vY44DTzBnOV4yYrqg+Qjq0uJGJIvu/IDkrM=","2nKmERGKfHs6kil/n4I0xS+3MjnhlLX2PrKWWHqjWsM=","fPRUjiP0bjnEg4+oVE8haF4s3yTC4fbH3K/3/PEui98=","0d8haNCun9OU4NercAPZ/AKDkZGune502ceLgoeWMqI=","LVRLkLFznHWodzNxPK/KQSNSVYDRdWKPWk9tOCdkkpU=","3LHbzxe9fVorSpxA9tlndz8bbKvaky9ZOhNzMDRS0r8=","Twi/9CDJjDO6conUT86owA7qn30EaTzRZfy7wiAzWfA=","4MoENoLG4V7XrNw3h+oDCKT18YCUW5Z42oWZIZP1hCE=","7ZqUkF2o2SPzoVosW02mppE0LOP+C0iRvSifJWuKKUI=","ZrQp9djIr5p0P/BWwpz0Nchf11jHyHIVdpJz2QHmflI=","10ToUYEM4dQ0UFfrMIsOk+0/mQ1uD5wbwPxdMSWiCvM=","+NZnB6T4kxv57lVeEqzPOJ1a6L9AYnc0sFXSyYMMO/k="],"block_size":4096,"path":"2d0dbf42750207f78ffa.ttf"},{"block_hashes":["hFePfLSHlUjBss4nmy2M+AxVPf95y9JrMHRVfOa7E7Y=","swxrlJ/XZSg/C56nkSJqEXefXlqT9bBYxOwvqRo5Te4="],"block_size":4096,"path":"2f7999211cb44950bf87.svg"},{"block_hashes":["o/f5sV+afTvi88nAAA5XRyFK0KVftJivkX55tY1t8d8="],"block_size":4096,"path":"35f1c167ca2db828deac.svg"},{"block_hashes":["8USiK6ug69nrLguPnsQgO7SPjTWi5TOZTEJ/npCkY60="],"block_size":4096,"path":"36c7b8b5ca8e5fb1c18c.svg"},{"block_hashes":["3Jl4P5ubzOl7Vau+ucRLIcUOFXx7oIjOTp/eK9dJFwg=","Oc46CPt64GCEQC0XRjYdi1ym/GieZ6IKZrBX97qZ76A=","CSFFPQKffq+yTlaWYZS8+jXZfAW51eJIv5zgYo3yCa4=","YyrvNu/tiLCm5cqmdBa5ZVPMuDMF1V/+JhfLN7Ow6Os=","EJ/G8IkVgZWPiWxsYko4XG0dCHxCz01xqnFNEuQpeM4=","DkzmjjMThu7id+YPo7NX928Ovkh+5zcdHjpsHUo2yv0=","CCTnQ/ogtTfJ2j5Y90n3ha+D9bkN0AcQ04FYAnH+YQ8=","dnkgUgV18J/5RJKiFf210SArckuYb0wJ9PlX1xtTuec=","Lif2l5BpJHXXhDLUlEEcz2x3aDtKr11OguPtCRouwMk=","iyLhG9Gw4JIJVirkDUn1RcKNvvsH1mqbBIi/q1o/ci8=","m49qAWD3JbTUTCbPlT45t6oVMCBT7I9HuSUH+vecqXU=","NKhUzhVWDFFlRehrYgKMR6RX8NjXrJgzXj+BW9hDvJM=","muGRlwkZ+t+8Rqz8CHtNda3SUI+LIFoPGNpfqd/J+tc=","IW/OzC9m47Xjty3u1hazpca3QvMVva2ONSuGc57S59E=","SuSSizzYMYSu4K/bJdsM5ovn/DY9fkQTA5eWzo5JJ1E=","n3FST7ws/sP5w6mrs4z9Xn754guMcrlPVEz+Tcudrkg=","4AeqK4+Uy4xPjU4r5RiA6s/hZ4ciP+iBrgdZRzmsM1c=","x3AOvZYUR6juRulVQC7CpwucfxY5RODOPh+/Gcc4qng=","bYR4KDnMFdZdcSDxYhCxxhZXKOp4XsdNQ8NCk1mKEuM=","QBESPFLNuMkm0awYOlUgfecywCX6mP6dIJEzi7Oj9sI=","gqsENOrK8FNdRuIdq+d0oaxHTI+rHG5+lvmSnvYzJkI=","g5E4mpf3yHoIzTz8NYJgfYDi7I5KRw0TJy5sSGBKQYs=","1luVtvPDsGlI6OivYcyU+PF5HzkDA2HvAuLVew/KMu0=","osLe3TeEyCJ80SUNLjCqwELs/4z9wJLpfkiTAz5ZmIM=","GEUqctrYYk8Lf0qBkDF4cz4lSb+2MPwRgDUxNvS+Ayk=","jHAyzxx9wPnzSQ7fr3GgifJkGY4/64478WugezGPxGk=","4osmjbovu/S7fvomwqoQGJKTnTPYmQGORTi54kRRO8g=","NnU3hZ7d9AAhFD5vY3nPk4mOvjspxyQ3NzRq/slIkW4=","2EAHLEuy4ty3k+RovUbfSrD8GZ2++WbDaTz3mwno4JA=","LK+17J01S32Ba/SpEC7MbMfAyRlEEgAlmSJuBxjBn2g=","EJKrID3gnoygIWUPuN/2q5GZwoyaLPEoqQcX6F+7mAQ=","IH5D/NVSuqNF2/n9Ts3Xw098Uk3IoIMxqadWvWi3RpY=","tDp3dOVd6+kgfmBqH9Z7ZZE3HO5leyIRsVB+g54jtRM=","hlGmt4LMDMNSsDzJZCH2zPGXcfTiyoRjOSKDihb/T80=","9anoscLJVUeBmAzLY/WUGoeVBHiSlqTeOxWvaGReeFE=","daWaHd1I5Ln8x5aeqSShOb/vGiHDPf9Y4wuA/tT32PM=","2PA28S1HUolOOzq7S39t8hCgxjXcbuBqT25OmTPVZW0=","jM73M+EkZ2zinEN/SrRGJKT/kldUqPqMSj3ZDVLHhic=","6wFwGjHdyiVXaPUsd5uzTAIphjWy8A/8Mr7f6+XDq5Q=","6+heoEQwcPxeQu8adoIZ04RJ0lsCOhwQqx4Z0m9z+G4=","EvDomwoGGMgxpV1NNU/COZePhbVe1BShvoJHWaF/8Sk=","cF+flNCfnPPG7EkDjepluYSdUSJtLk7BOzJHY+I4lDs=","PmBaCz7USU52oEo4pg3ra3Df8AIgdptZM3QwKmwylh8=","1XgPaHTs81YCWfy0QWUl4/iHHNmwTpM5TFSHylETaZk=","QSEAMOFeB2EYHIxu0xTm8Wh+U5MxPoRZqvla3RzbTlE=","RY8qs+GOkXu5/OlQ4mUcu78xLghvOZEaqV7oN0C2cFc=","u1NKIRm++/c7YvENKko8zSMFZq0E2RCwXQVm3PhgeNE=","MEeFKC21bKG5skWos60pNyppBOF/hjPCOD02wAOnhvs=","RqMedNnY25pn1FQjAWPX2jwtM0SeNi1WUXtfsbj13ok=","FUHDrJrM7unMe9utJYdPNv2e/Mn/YGCV+m7o4wpK2BA=","/vUTNoNKWLg+qDkgWrfJ9v7EVC8UDDPFjZuLBZ9EgEM=","rYJrsTd1RIHU7rfyj2MZKyg2q6r9ypuqt+eKWVdbQsI=","u3tYeF3/bFS6gfpfuAjOKSKduoPGnDXYKX8R1e7gOsw=","8nxt0uDc3h9kNjZ0MO2mD6QGGL+5j/bPq0H9rEJW3Hs=","8CZzPWHsT7ETvm/S/uuM3/mze5qi4FMDICgqGzUcKTU="],"block_size":4096,"path":"3dcbef40ef1b04e21951.ttf"},{"block_hashes":["CKLe8KmjEHSVBqnQOLhwkC8WUr9vGVS1Te6AI8y118I="],"block_size":4096,"path":"428b48a1fcc72e29805f.svg"},{"block_hashes":["uwRc4L9WkW1HhWChQLTx2EamxutQQeUpTwbylwpvuks=","5urICZ/xZPccgW2sKcKWxuTBd24XJ6gllC06NZCgUdI=","TcJadKj9RDoM8IRUb4wDib1a7GY7ohW7N6YicURoask=","dFQNZaL+v7x0PUeGrZz7I1rPsJAQ85d+qnO1VbmZUGk=","mOpjzChZgKP2DEphlzGtwzLJV+d7nrIayc9lrUu46dk=","pU5EUvlgDdHxSGk7S1eCw1/PpZfCfbDQ4FtGpP62XRA=","vc1sqQARrmiAXOxJCbY9ikiE6NYcKNZguRtF/X3tBc0=","L1+jRZaL53bg359GDm3ixn+e4uc/6RdgcZNF/jxMWJ8=","8RASGtyy1nAKI0dqCOrYZ4ST5FP6+jFGI+iH7EX8Dkg=","DSaezbQV7cgvxuYoH9uR3IP3Xo1zgqs679Yehc4FGDo=","vIC9bo+0xDrYcLb93aCw8n+jRvZqh5I58V7HN0J0eoc=","hGqZ1IzQJORT2LnHcnz1w4IU2NBcN0VuL7vJmwa+Vtg=","Td2/VQGO7r+ewbeLtoJDeSqF0Gz9gkafaceoTd2NbYU=","nfas08YACoriuojT6M9XumphhMNE/Z8SNpGJzhR1rUs=","4Xq1lDjbTJt5iEWoRm8Cx1S4SLEHgqFEXCgYCoQ3HNg=","sTQaOHQAV0hdmdDOi67Uda8/ewESqHTq7q4GmWrs7Rk=","GlHfuXN7qosWwyVfPXvhdNwWCty02aEn8V3YaFvu7K0=","DqS4uCp8vfhdwSJyiJqTPc6ZBq1tgvRJn00mhQurb/k=","9BL8y/cReCS7DNWtO4Q0USffN9D4qPXJ1gKd4wY1B1s=","zH540CWiKN1No+ch/FoZvhNR+rrTpWZjUt1AZQUHwEI=","K+6zvxYY0rKbXJDxAskhR6m2iKjQmXHvrr0fatRNCuE=","ryPITfeyi1ihvhxU8p4ERMfCOSGjVv1phw+McU8lxcY=","mRymu0Mmr4Fzma3PU/s0d3fuGCqEZYv8g4T8hoEGAnU=","zyb1D1L4XDHv4ncpm57S9plkCgVul30J4Y4emP1+Nbk=","DWX9wgIGJ2XiUKEbgnFS1ireLgvbJhPwB569qPQNNWg=","qmQmSEAI5FVJoDTbyTnpZ/ThW9FRkufiCHOSVfeR3nk=","aNCsld2Tlp04vVrWkVQo7eLEzvHcAeDcDxXTxJ6tVvU=","sxL+9GPv1b+BS8x663P59QNXcCWbAtOMrPNwor1sZAs=","BbSLwhMq7iQseG/eq96RL7izZeD7RttyM6jjiEpWQ4o=","sVjVgXpMVzp2BN2J9Lyr0i3puvtY8i1JxkXcE1z/qiE=","cxrbU+5mm5EJ037PUg7mmf6W0e58Ova84mB6tA2Ku9M="],"block_size":4096,"path":"44d85d37ca16b0b3a224.ttf"},{"block_hashes":["49m1wT4iO8f+oGag1gm9CdSoTfIOwGzFkVjJZVmhWpw=","tCGtpDRqz1TZQQZ17eBUZonAoLJl9HTIiV++faYoa7A=","trr4dUO9ryN5AkuF8B1I7LyV/KYQOTZv9XvZ1EdINx0=","NE5TDznTxVJt+IxQpATKVeCVufG73BSYOm1oqV9AQrg=","GsVExrTtS7/NEksQrGxxGsUeT0uIyjuAwKVKL84aunE=","flNIYJ+2nAwObBsYCRPE7KcT/NfA5tFkQXDlHpfn4tk=","XtPOQ5Ju6YF/jAsWcNDcB3c52y3UlnKlezCgD1kNvoU=","RIyY8kK7rdm0zkRlxFR2m4qNJaTFVH7ofdX2RhhIW6A=","FJFzkLZaOoaOBF1YXEDulV61bqXPWdaW+nmlV9yMAIc=","8Lb9qlpEaInleT0uqATALQ3w6EZDItff+seEDFVCFkE=","OthZ/b5FEWuGyDFmdX/FgSCz0rBZFUWUCq+ENjQhckE=","qJItzsNc5yh9irNDNY8bxqvJkthghTNQ/MY6L71c4nQ=","PZk3OWhTDVlCfpXohg4l8cqM3Ww036Ar/BH34oMlgto=","5n+bFaoTipZdW+Q08uHHhOAfVNPZf4vnN1Ln0b1z2JI=","3KOPSv37DV232Rm/86WvJeVcZA4kg332YtEL9Pn8UxI=","ZQNWnSKgm+cYQZLdZQRVAq1pUT9Bzd30+ZuT1cZr6oM=","TheokW5BYoFPaOioS1zrxqhF6bPB4ORmvudbP7vbWbA=","I2YGWdfV4HVDz9PmkJHwc7n1lsL/NebwpCc2mspr8qs=","U5v+iPwUrgf8BaUpA4UqAbHG7AyJlhvCM4etkvG+NJ4=","xXeOxnU5dQK4FbZ9GTHQvH9HN1BbOqbGE/DwwxuOQzY=","0fTDavV5OvYyLbKBaidPLUnjdrSv0Zpkz9vR1y7V/IU=","FYOksY2RsXu9sa0pJfWOjCBQQchw0pTY0xBfDdUvL8I=","53sKRbApcLEjelk2bIAvzz20A2zb44KlBGmWi4HpbI8=","7jDOEljgN5Ac2Ie6orlCoZMrrlcl//sH/zi7qfJ5Myo=","X9p0avtMD/bpDuROvwtghQpUQif9VSNZVEbg6k8u5k8=","eHNRQRbZjZQN8+RS8pNutmRRi5ls62Pv174ElBs1VMQ=","9NKuxfJHaNjKXEM8IlzZqMn1z3c++lo27LxHrpREm0E=","ubiONux0tCyBAtEHYg67TyDaqtV7SJv24+FHQ0h1wfc=","ff9ej85nMV7Imc5t5UByz2Re6eSkxGje2r6u0zZvMLo=","LnHLckTwL1BJDrQJwcfnc6tydiB2EYg38QLQ0vY06ug=","tVal+JKm4pZYPKMPVKrhxcYQ+mDNCscqZAFEVKNkr+8=","8+v5RHpBpX03haSRw2GBrYZk7n2fcpHSpY4pYzoWWLk=","UIfufq1nymZjW1Glu/2IiqEB0JZ9aTeXdfKlbnSqEGk=","sDFqul12gFLkOxE/rU+SN8SF3z5YZ/UTxxQCJcGSA5Y=","fq8J/J2qNEv3t809RpbS2LkIOCrRijc2c+qEOBweOyY=","ZUZVrbrvUFtH33fKhSrD1+KD9u5bd6XZ8M5DNrTKkjk=","cHnImJfwNJ2fL/uah02jkkP0+Clmz0HONRvzCB7Ou7w=","LjpyNRVZX5b+KUEQFtSbKPXx+MzP4Dhup5Vi0ischJo=","0e/bT+NQkAvbjRR1UvBMlntgr/hVr5OPTVFIWSGBEjg=","N5trm7qn4cpx/SlcIH70kjXySuqm3bZyEAINIAZtMUo=","S8GrNmzxvvz9uDV9aFDlWhQ+oblYyl5OScGzpJw8Tqs=","OJ1xtL/F3f3yDXTTWkLQvWWLNTS5hTEglAIyPJtEeKQ=","mc53L44dbgKapXRDJWvt8jc6zLEunLdgfgsbgs7Jguo=","LBJfEprUHtmPTJoToffSCqAjysAZPjUpdx3Z1JtxbLA=","DFme6AfMpQfWzITf2cEgaG+TGzLzS1a5zKJNQl3P2L0=","32zEikcRGDXmRdLAssiay71s4HvJVvtxKrFKDoP5JT8=","8N6HFc/bV3ILj/PoPFBgJOqzx+vLAE8FCO74H8G01xg=","WhoSLW6xHVlT5pRhNumFaU641J8ys+SYxJA+TNAEKsQ=","KTXR1oT8epMrNs1g+1suPuWFBoK7AoE3OBNehVbITAA=","6Ra0HVSx8fO3eOgrXBgc8zQAivxOydjTUBXgZ8Ot2Mg=","123Mp5EiaGeXFSTTAI2s1mXtUYBbNxB6+O/Es0btdto=","1RfL6joUxjlRkSFM0/qAaegTrtsso1/qe5TdPMkq4gI=","y6gn380MPMhaNdxZCaaC7qYXrgpWLE5QRTktKeawYMw=","TLXdQKG/bIDBCw76LllJSkBIXvOn9dzDmtvosZAMKco=","mnosuaI+JhHzT5h938m1RSfbfxahQET9mfneCi5GyQM="],"block_size":4096,"path":"44df788dce2ae8bbb743.png"},{"block_hashes":["4VonO8P7NsMd3772W0VNHCJqMEvaN+cI0wLd6Pr9y18=","NeShGiR4JgOpQ56t4ooqBEvcXTSmxxiv7GbUnRoKX4I="],"block_size":4096,"path":"519414858d6d3c29c8c7.svg"},{"block_hashes":["EP1/3sOve1TtisaMpfayQm4A6Go0wSITgQ+cMnDczHc="],"block_size":4096,"path":"53d29add4f51cb58cf68.svg"},{"block_hashes":["8oXll/ZuVw6EX/fFT3IqdfQUPn7pkPlLE/3V6bop2SM="],"block_size":4096,"path":"5d1a909f3c0b18e897f0.svg"},{"block_hashes":["hipGfL9EDBRVDG7Tyb5DujxJQVTaZvNRzP3z0fFCQPo="],"block_size":4096,"path":"637f22f6137db0081579.svg"},{"block_hashes":["Wkgh3MEh95tQA2JzHbBJUWUIyWWnYVZssV7qm6ycHzI=","cgkEwVO4YcVhsAN1+287ITUYeeHudf/HFFtWN9YhCyk="],"block_size":4096,"path":"676.js"},{"block_hashes":["cxbmtWQskF5V+sK4+M6SImFXQdPezh7QQJEvSH0uEtY="],"block_size":4096,"path":"6912698b643838d06158.svg"},{"block_hashes":["LpPNo4ddxdD9cEKJXLgBqH+AC6EBfteuJtr8sqZQZB0="],"block_size":4096,"path":"70eba12308e7984fd14b.svg"},{"block_hashes":["fXrpmQ8jcmCCfVEQrGIJRe7xCnlXeKn0yuBXRvZALN4=","xGhKHhR9Zuj/FHpDEjvpk9BUcAB6avp4xjmqKBiKtF0=","54rnDmOR2rg7Ou2fjVGNMaewidoZ2FmAv6j/F9ZSHVE=","mKErx2s47/AHBQx+iMWQYfrX4sQPW36His+YiujALu8=","NOWEW1cuA2DCExJT4W12c92YL1k+h2NKvomWGymWrbk=","OJ5M1zyvYZW4ZhE3sXg0S6j4hxhzXj8QvC6INU5+f14=","5BrQc3GJpxvrrglt/jloh/Ec3paEwxybTLIDSDFlhxc="],"block_size":4096,"path":"7dabb04624bc106468d5.svg"},{"block_hashes":["jFaq2zCCsEng0CkSYLCkk3DKWLK0ayuxVELYyWFtSMc="],"block_size":4096,"path":"823d989847c2950d3b26.svg"},{"block_hashes":["w1iWTkmqdWFsKNAQnoY9zAqN0j2Y58Ih3ajn6GNOPtI="],"block_size":4096,"path":"8b1e2eeb08e4775da979.svg"},{"block_hashes":["YyLdWPi+vTQZaMfNgneHyfig1dSVb6AH3Qu4FysFDy0=","UMw8katHLT8zg+JMu/YjDH1UgwIo3J2V5OrGP3umJsU=","YQW+9gOdD9ytmZk+Lrt3c+1kEYFBIAjyglw9JOLOFTo="],"block_size":4096,"path":"95.js"},{"block_hashes":["Nu0ufT6waqiZPEn4xAQqDYxMOeFlfL/FBweK8S3Av1c="],"block_size":4096,"path":"9abe40fc417dcd471d7d.svg"},{"block_hashes":["jlUL1QgcsshKAS7d2QIEj1UUAJTG5Y3mJwzTm3y+J4g=","Cb3y7O8LTelKhcGRNUmp/IpPJ8KpZnThw9r6klhHEcE=","VnnmHvQflkE9i1CLUDn4CnvthjiUbWbt8lVn9WFKjz8=","+A52ng1kuNaSy9i4LCbWsIPOH71NafSTj0qAQe+Kp5A=","DQHS1mNM6ZAZCwgYSXBCGyYzG9pTBB5btrkbWD//mds=","dVETghDrJVdlSbxY4ln7bb+tzdyJo5q3lQbYz4+tajQ=","NMQTfgHeJxggtU/6XA1oKomr2575ILNvurajysKOTxo=","Jh+cQjNOL3MAQoaGgmz9Uqu9DdZ6ieFKJBsAqjoNM9M=","wpTxz6YssHJbRNnpPn05d+KNrqPIsCNPu2x1a1jU0D8=","wKUsayVsDvijSni5w+tZrSNMhlcKesht2VnvpLaWN6k="],"block_size":4096,"path":"a4a5f5a3d0037415378d.svg"},{"block_hashes":["rOqOuHsMNyerRIAWQD16O16rJ4d8onb6RsLVb8tv27E="],"block_size":4096,"path":"a51e03c27e5ae6ba4c04.svg"},{"block_hashes":["KDGaovfz0rwbPFyPhy2P588NSo2ik6hMOp5BHp+2Gs4=","uOsid3GxLPddW+9KJhwSZ+mJgUlpd05LJ+mvSOUeCXo=","Vac0T6mYHSVsbLG90E2JfoHgjV32aXQGVB9hO57uH5k=","NEgz2InPD4c2hS6LudULHa7MpfhAU9AZlYLsmXyHXns=","YGVofgbNNZwEZqz5l6vA5NsYWlSwguRdJYHAWLJMCas=","LUMg0wEZ/vTOhKFLkxYGbWy6b1P50XtJVXwmE2Nlj3I=","7dtAeVRFwCOpVocQEfj5uIPmNSa/Avq0SCiTdBasEyk=","tAGO1a4V0nTkhgD0CLbRFF6FF6v/c9miPp4bR3fFBnw=","ngl4P9qEOCml5jg3d0FHwM161MMLavuMy8zkpF0zaME=","3JnBFglx4UrbrqGv/ROS117VLaruRMNFw9GwcBvohck=","xWDLS5eQnTn5wH/DSDmQqgj2ScRU2TcbFSlsagMnbyQ=","g2URM2zx9LHxOvucbG5RXtzFYgIKFDz5IV67zG0Xp0U=","5eKWd6cHGVKdn7Eo1Dk1CwmgvWm7P5ArQ2chNMmE1/o=","AQZQQJmk4xtTpOIJ+30cb1T45e5veRS4Gkyqh5YiwMc=","bwazw4rnLp6BaFd2Lh+NUMd/H3XAc6ylLapnGDLdBGQ=","KloCFzpw0hKRc9KNCrD1V4g/q21POEtIjl4TN4UGx78=","ayB9ewka/OhJhL3DE19JcyyBCI9qPqH3KGeJTEbi9sM=","uKuQa09pnfax84Vn/5sGszcIBDr0vFLCPs4o4CItHX8=","g42kx2a/GKxEdAhHqXDRf1pKgfTX5sy0Erzs1RaB8Lo=","4Dsakrwk2+OXHd7TA+34to0F13VOZQxhM6y73+T5ozE=","UF+uvPuKD5SQGucM3GcadWfH4AxobFX8hGxGOxXXcX8=","eWY++/7nGL1GYDS7YKEBhBkBs/PNxy/gLr3nr8Tc2DA=","yKbVsCMUV4c8HqsaO0k2byPqGQ2cRyf6mc+ZeJ0TCg8=","abId9jHBs55dGbHzqaCBMviEC+tClsi3DDbB5s0LWtA=","sp4yqtp113VTQcTlZJzxN9/yzr0Ra9CDVpMMqgZDjuA=","X7rdbCJCvx8p/AyaOESiXIZVoyoXCuTTh3gr30MAdcs=","50/MVpFdqZOQ2W5EpIw6xzI2d2KTMCtwl9C4PODhsXM=","anMwLsHgMz/f5XeNF81uTPVaWqiq7Ps/uuA/KHzqVF8=","eHwmG2lxEoFOXDdHy/gOEMF3vKAov+BrYdWpPYbk70s=","vFDpbnzckAAAwAAydiSuV9rFiJgOXsluwnl5pWI3JlU=","eAgniutwwwsBn+lwZgDLM8f1zBQG57FAdzDfQ4uGGIY=","lOznEnW8baT8gEJRFRNRwzuIJAhZAJ5XxF6Wtq5ooa4=","MNVF4246vf3H4qGgiIQkp6PHXiYnESV/acHppYTjdis=","uZa9MJ5mMFwcPSSnkWq4jUThRuXZjOn5mHkqx6qIlio=","m5whsdouWcY05Tz6HW7hQBSHjHIeBiuP91pYMRN2zaE=","owDoWJUtTvl2dAc5bU+puMLZi2K0EgFHiXR6f4DbAIE=","Zy+MyArt92jFNL7eQJvIXpcXKsmskpbybivKdIazr3k=","4Of3LrCS8yPbre5SQ/vjatZUeBAtw84QlHFhNASrU4w=","VN0AMkzNPQuNZbBsCX6+bKeyO4JpIfYXtsZHqIBTX+k=","VfQCz8k+30smqgXQGzOfQRB2JNPg4hY9rxeO6yNoPvE=","HSGoUBmjzJSNVhzpalGkD+EMThIEDII8CPhIlz1Z4EA=","dr1/7KREanYSiCEuWBU78wqp/w/BmEz4ZPrXpZiQbq4=","UPQNM2/TyBoL471nYWjsnzPqVMWOBXXA/c59BdVfpXI=","2bOv+WGhuY2eWjYAMbmkxJUoRLS7zbBYNL8lC8Pkqok=","jMkyXc9sqNZMi7W6ueXuSwzMog3OLYy4ABDazkShhr0=","v/JIUNhjOLh4x9Q2jlOkK/saSv8wWTEu+InrvKxTzFQ=","5M2a3iGjtkx4uffF+q6gM7tA/S2NfNAQI5929MDTEZ8=","DQYeogRzhxBhgYndoBlTcQS/LKVZ1HFKaSDP/uKH1uE=","S3Jq/8OzM3BPuy7d9PYswmk5RryKcLumTGb2MX1FboA=","ldY2hvs1trRLL/7QIdyJ9OFi2hi0YJSY64wTYy2J4Tc=","NyrM0u1RvVQkFNlGp57P83pZlC7sxQuSRy8OjnTwylc=","WREWdIFT+5NcPbfCdu0vZZ6oAH8NCvvvof25autG99E=","khzH3vjJtqPSvktp7ANCE3S7o+sCcSblOE34vkoFpjY=","x9n6jIdy9lpqBTivFNxLsud6kzXnnI3KmE2WfGc5CqI=","xG1aOSh5oHCa1sxvhrF9JONenMuGUfRYZZkPVXkXZ/M=","lq38paqN7kKZr80S2uNSJTyfYAugzF6c6VwyLAWvD2Q=","fRiN3Kkc/6y0bC+k/aSKibUUO7heFUyKmi3k2A0l080=","4WtAKj0VOGgdFwen3W8NI/CbrglhDuSp6EPWOS0Q0T8=","yIfE2b2+70AYImxOqoKwEOGUTDq2AhaxZLTJ8Z9xl5I=","jsB6/6eLmnaBKN3TEkeuDYLdUmcbw/H18FEr95zEE5Q=","VRuE/+Lj4p+PF4ORSh5Ji0RQ1kQP2EpOo0Xalr7883Y=","KBE3JdgxOAMR2fIALF6zjS6QJK8WiD81VES41fK1tYs=","0tjFuQmmh5N6IL1/vqs5obgscD763D9JuzSKgqbv0NQ=","MxeEIcbaExRHqp5QYuLoPwNncw35VCTDpSbyVZlUkJI=","JWNFSOq1KbkQe7xgAIjnygX5OYFTy4E7b01G2sKLCpE=","ocRZLDPeMI/ik2+U4UoWM7gLPUwAXhRtF5pOd+E7g7A=","wGNB9uQ237Vh80z6aQO6ijdqV4XQyNqTkemLNwC+usY=","s0+g6yt1AedOn2/snQxtWlZfdhWTdxqQ8p9sia06NyM=","PQyx9SUYwgB4JGNQSSgmir7e0S/qdbqfhrmuQnGVT3I=","jfnXkW3APaCYT5hHkBvFBx9Zi0CjOEAVVNaLYeVyUJ8=","engjrCowh4IHs+Xab2Zdtk6PAr74GmElLxrP5THqEa8=","9qBNABJkxOULX5AuV9t8+kS+/5q31aXBs3Xs1NjPLCM=","N6m4TfiDODuqTuJ2zsn0rQWvjBixqhK66npLu6Icmq4=","CV6DNqMpFPMuYRH+5NPO/CLbdfsL57jotL5n/BkGcNs=","8cf9kbAiCLvkcA7wNpB9C+OBuja5L5gE05Hel129aW8=","3reCGevBXt8HvKvr8RHyEokPIuvIlcekzTRPlRwmeEU=","2z5CwMz8ymWFI3aXSSIHFWd37y95V+29YwKSA+Xz6iM=","ayvpfSiyOsGjqXpqjdSbkYvBEJ7FJACeiy8UUzthiDY=","2MKCjz8VyL69VAhWfUGmUAkxzyZMZ52lwPZwOwp8+9w=","MACxGxUclAzt1l46yRBe2OjuY9LaoU/9kS4wASxhRsU=","Y6k/ZL4wuBbv5NnyBzg+V8gQU3mmrZYAPT0E6XHqrXQ=","BvYaAV2C+GldUC5jn5EVtayfh0ZmXXT/jvfzoAjnbTo=","e0oZf9pWv1TuQAQkPO76/YW+2kGhkZsLv4YAMgX3MAI=","QqL/mflB0NsAQhWOekHtc4iJjSosSwD1Shg4t9f3VGI=","vzpqbFwDvGGJIuYAcx5J3+2i12fHieAwapIe/aQ20YQ=","zHBWY5eLTkiBuk/uSmVYW1jNZaE6JRD68As5teeB66g=","G7l3OXABkUkx1HTVGrhsldG3im0EgVy1Vge0IyYVvWA=","9vm78e0UpKfXiTJp9xZrnmgVLSyvlcjdtrWYWeiXu00=","RVm9zXtFtpZgG2lP/Zz9TDCBv2S1eB68DqVLdqV7G+8=","UexdoqoXXXOv3XRgO4hVUKyfcL1/KK2JfgGHBizkhBg=","zrcJSblmEnGpgu6oJyv3ZopE0lJvxRK4AfiTDieISvo=","K2TEDr4N6gfTGMrCQT9bwVvP3KHP24clcgWmx0e1LFs=","FSoxmxSE63FSkK9wbpMuW86M4xz1RT6Ek+7po8A6Zjw=","d3wxAzVOjJQQ8V4Gtw2Qo9zdPz3xBqSSwawQZEFfm/s=","q2LHYCtRvhMEVdDgLguLmGbjQ1qR6ilSN23Cdp9c8P8=","vi4XSGqIMvcUAQwoM7v2Xx8cRfqCg6hXa+3v0wzUtb4=","2QUkoFvv41sp7PRHAL8xUFmGXVoiVPNnAkWLtfszNf4=","Q5hwzAPrnyg9iKX6DJ8dpUqx5DziNKVDpZw2CbuLyeE=","cMPHzxtF9qMFhgpCeD7MdcI3V6Acg8qxHqOvtDJofhc=","Nhj5R1H3sQpC1qelRkBZlvi2w7aF1Yu4zX2zPU+tAfs=","uXC4GQR2pEG0IfYqtFuhgbV2F1zsg1304dV28IyE3nY=","pJ5XzFmf1e5zuY0+yYq1cyIDQlqUHqsSd2Ow4++OoxQ=","daXq+AC/FeeRLw+Gnvw6S59qdkc2Z5g0FOW22wFOQ/I=","5jXO91hDeMQb5KCnmhC8ja4CUozrKqCTIikntxGBjQo=","1qMrjBBhukW411NyaMo4lnIS7+6galZ0O9plXL2LJJ0=","Eo6blCrYIk8uPnlXgvL4sqmJrUO1hWgmib9g4RA8Gtc=","NmXLwHtUDEc6UYKFAT2tPxEyFKEl0WDX5dWwWxdii9A="],"block_size":4096,"path":"aa9f6c109f0b3947dac2.ttf"},{"block_hashes":["kKwBzNodc6QHaFi/3FZ7wiqRAMVbg/bxxBHpF83qC2Y="],"block_size":4096,"path":"ae085df80c1e2592528f.svg"},{"block_hashes":["hXD4Z5zsAC7oz8eLuYoqYVfhcVvJN4F10I8NF8ybvX0=","wp4Znz46Iv7bn9RoiaZKZdcGoLVKmZzFwbOET93q5qg=","rfiq3t319ShpCCmZG1BMpkyetl9TcFzM9W+nksY6Pys=","Hbs0d0oGRT8Yk5p4ch/RKzp0qhfA/x1zxiJKoZXunQs=","FWnTMTzstzdCe8wkpmfql1k0wkSJBrED/HxePqrCoXw=","zCL7ehUQqYZQQDNCLHDCukliasuJgM8TRZX0E6eGvTQ=","+muwQ1plX9ZdUbFNS59MP9SkcZXOtrrFhx1UpJFW73o=","1nav7Js1K5TcamfyK72i5ZPbxuVxvAlrcTEt3M4EpPo=","LEJcQmMHY1pLbdcy+UbdNsfDJYTiDAticObM9eIkuWs=","Ap1EK8gI83aksrUckKN1hYXqP0+NAd6/bikEqCULUFM=","JvODKquJxxTWwNqw28oM6E5R0ozPQS7afI/2kEOxIyE=","WsOZ5m6DNdfVndcKHvmxJgCGo9ulpSmatyiB2f1Wp4Q=","dIL1CORFVgJTedEitvhutLUj4K9cHV56kAhmhJzpeSo=","tw7hnZWl6fzdW+0JKjlgly6gz4TUPon9VyO/P2D/SvA=","WZfFOnY2SuhxZqpQdrMm3ITrtmnGjwW5m4A9qNXrxr8=","VpKO9AfTPb/uiaYlxW/BsATbTXcp3yO50rHrCqxGB+M=","uhfcordKzTLYiSk4gV0kHA0RsHsskNiZhA4sjPqh1bI=","aYlE0l5AeAbu+FrDYapdmpY/XM38iYk51Qgx6iBw+oM=","GfKpWV27m04TAWq6Tdezuv0dDAZejnwrk3ubVO40LSk=","lqxlidDWMlvPqUJj6/j58tELcB1b6/Ql4Zdd1TtyhMU=","SDMW6MRf+TimRQ8usdGdINPOffMKOw7p0ZGenvaVO+w=","gpm/spjxr8++vlOxyQp4x7N7No/O+RoqXnYU3bX7MGo=","Ldj1ILGHsGcULgqQ6XzNgq+Jlje/zX6be0T/9cMt8uQ=","hzpk1qGYZoyocVkvQmXEt/5+Ehia9sAGjffaR/oICnc=","CN8gJkhq24Vp1Q5Ybl1mdGH8JGPzSTT1Qe+msQp031I=","vMRW4uC6Jtvh2oqQ6kRqKvYxwVwd2LBFLekMXjG85aw=","mDa+bWy3nszJnlN0p4GdB7NZZGZmdwflM05eoZN7QzM=","1+Qv2csbuP0tNAiHJJA8b5HUpoVJ9aY2K/RZnLM1pqk=","jKiyfpMM6XEEGtt+xgLvWJwTnpCKMwsvQk67Fl3xT94=","2hGznrO/6to3t1m0g0h7StX2E73Y1l46bVQdTkR8mco=","Uln0dCB40NUvyBNgY7apbaBwpkQdZcHD+oRNHdyWtdA=","8GIHoivQ1zN2RK2Uy5OtGnb6lOlOANuRLbMGq+jlqYw=","rJPw/n/WUC3HV1FzT8xBPmAblvJMlc8F0XcSo1kWG+I=","WqwS+eVy6jzs7SCYJKWVFRaVQ2pYiEtESZGYlaLChZc=","aNRwaNP3UfzLpuesxtSzxo+/wK0Mx5/V49N2qdf6cwM=","jw0ASEXLrKmb5g0I4uK+2NVioe8YYo4x3qVbNXdDz6w=","1pgFOVpPQe3SihIrHJEGFpaZGj9WQbY/yPcb454E2zE=","78L1F1sdBNUf5VXDBh8CAkhBg0CwXC1SDf9pZF5L+W8=","iVtkXlBTxipNs1vlcv4JRmPh8UNofZXbLWeD2d6QSeA=","tiAbkC9gwSWZrOsUHlU0hwkv2sHNjCyLQJ+UdFTbxBk=","mkPfCoHPbCNxNA8Ue0XNC7gqfXLe9xTFVbGLjuW4q/w=","Gvdbx87AyigHBuHZ4JNzOp/Pt+85t5+Zlk8Ye+gvt+M=","JdoNhqBCUUB+cuLjcUdcPuBFJzLWMoKDC8wM9j+xyHw="],"block_size":4096,"path":"ae414ff37144d1181768.png"},{"block_hashes":["6pHMti8P/ALicealMYqoK2nvYRd7j1a5ZZZskNASy70="],"block_size":4096,"path":"ae7f5d2b09428c3c1222.svg"},{"block_hashes":["pdGdUnIIqYVmd2rw5IXK3kTvkC7zIF9g/8H15HkyxaM="],"block_size":4096,"path":"aria.html"},{"block_hashes":["EULi69vRB5swFYftDArhU39lUGkWNE8SD47rNUDysoI=","dv2vkpk5eVPK6cJ/ecdcPB8/dj9nQoLaq8OAVal7nek=","vQq1jST/LCex9IkkXNHb4dWAfqloCrlJ0pIvW4+wgvE=","q6MmPn6Q1rK9jVvokYz8+z3j2o89SN0pOXP7rlqIRaM=","/8Cksidw909MZnjrLOk+PoC+sw2G8hGOvwHUptbPZ8c=","dFsstHZefbHRfJR5iJ16XcsZmN9/GzuZWUgJaXY/yh4=","PmsXULy3cpJZRYAQl77nPClwWIfq6LEp25Pt/wmxN0o=","tGEG8w4ArAlQQY/bzI0CvE+o5MCd84m1/jWVj1T0byw=","jgPofW5x0ryI4hUMPCd429E8ZMbhUzn4E43TIofE3mQ=","L97hHvcF9vej+Mw4By7ldTEu90XDvyMEUJAErXfy6Ns=","x1bcE5901OBQJtik3Sk/LUCswRNREvQ+Hnlx+5LtRJE=","6zjPhEz6Aw+X7fkLcF95k/GFWAnVMg2obXNCF2db2/g=","jUHwm98A770E2D+PYDt2P1zPVIzIZKy3NDWPE5r+U6A=","kGoL0aRxxxrv5hV7N7IUBr5Htv7qlxQNzGS4iissnCI=","xfCGsKN7/E5dMC7NAQpgcBSJtg/oWpoT2tEyUNp6Zg8=","aFk2Sim0nZserCpa0p+fqqaUg9vxX2tJzKAXf5UsbD0=","06JVH0AUVrJSc1L0dypPuYJwIbLX8dxF4W8WAe8pQlA=","+7LNUZPcdsfxLoXHi9FW6a5N0XKwFLTL1Wv3CWV9O3U=","t5VGuHb+kKD4cZXilmBK/pYq0lCaUOFRNgoCA23RkPY=","IvpNXOhwJjNXB41mTb+oMXgwEVAl0Tjpyie/pyWkSwg=","hnVbWtuA7WeADaJ2ttzKoFdkko+8IrwfVBoELqIdEw0=","tAsIkV1wrwDrz2CGK1dyFa4CIvFsIow7jH78nTzEjOo=","L39DdT4XZ4jAXPCWeSJAGYMeZTThJqsV4MZ9m6Bmt5U=","L5bIAbY9qcdh4HkpmFgIMjNSd7jKsCA+qmL4mKfE7Ho=","pwlNaju8NaLSD60t7ySLN/Cp/syxNzfnZY1+Xuer4s0=","dVIShHVSSqE7hHRc6CywzMGPaMGqysQkwQpTUjJgJNs=","fv4DwPU8nA6lFCVp8H3a+bUdtvBsI3xNhJQHYxH9hos=","ZsPsuA5vCYu7ahuoBSKs5TqL7MdKXVL+Zrf/igIAnRo=","gFdPyO+63sUSl+btILZD52hXC7cuKUXdgIzii9ro2zk=","eHfr+9xZWvYK5Rvy8KjqjaZQTTsxWUv3ecFesP2loME=","/OCiGIrIdGKRdD8+mVIEFHfPEYsRbHXEsE4zSUFKyqc=","CWZhZ3pBZ5x46U6Ggm9vkWWqdaJoZa/7ugd9F6LvqGY=","zJGNG4A4ErLmbvjJ5YDT6WTeviAZ5y98S0x+SnlH/2E=","K8JdYpGJ8SudcBHuMLxej8yyrhMrNep1OnriklVwA7I=","EixZZqJPaLjkp361gHJcWPfw4FHUOtHUfXTJ4N1ztPY=","eTtXT4g6WEmwhR5W+t1K0Ny3+I9zowk+R1haGO1GmF4=","Qc8NyaLH+e/3aakvx4S737/Ihi2VOAeV+gU8BC/7Ik4=","KTb1newedEDdn/eiEZ63Nm/QqMLTBlIEBYNkn0BW5nE=","UKTJZr7UfVZnd19mi02MepyZeRbEQksR5R2RxVjJO+E=","/7sl34OyoaTdNQSunby10dyoQJTZTW3a7cNqFqCfLug=","mC7NAlKkzCZG2eVM3v1mld1Yy4+hpHvi7qGNHGazuxQ=","If4N27X/+ONIMSiqqwqEdRmdaWYh9cYXa4suiT+ezHk=","9Hox9aayNri/eQYaVjLNhvw/AsTyEc6tC2Uo7wvBhcI=","yiDEXsF/Ll9QX/ZRxy2RrvogHDRALFbOubU+kIiE6sw=","xXQN1vsxyPqiDAk2WhRrOfyJqeD8qjUrIiR5Q4+vIaQ=","ql3ONZA3l6PqiPAwptbBjfU0VB8H1TU9ROb58jH6Jhw=","W22YvTfNXsT9sL9tzN4h0ZO9j06aZB2eMwVnJeUpKDI=","ibQCKIEytzyKc4MglZjlnkNzUHE+fIUJwZegAEYeMhc=","IdLvH7ZS8U7mPqBquFBZ6F/m9XPo9Aucyrhpej60760=","a7jWUyWbSF4vP7HwxprfvUqhbF0/+12SutJfJmkNPsE=","aoiNYI73xQCW+17ukLYqrxeky8UQvfI+dE4AVLpHytk=","Y86vPcXAgWYoq++EIVdas1sBPhbf9EABVeQuIOexMAY=","iozHc04tOfius1qSxX5M7YeF2YddMOoT+W5Ls2KKWYI=","78ODv10BABKQVOETBdrOPfbZRUDEg9DouKPzJjtamMY=","9nzsN0ZwZkNAq3Cyv9BErmZBxHwWp8vZa86Eq+JJ9zU=","77ZGxP1AUvrA/iDZ/CpZanO5tW6U/AaNDJRFwopI+H8=","EukVacTxo52FoSt6h54Vi2641n36uLOcC4YBCnQtUFs=","hPqS5JjNCaDgTubsKyed/kmYLpjcW8XdBXP/gr43hTA=","QlWMFgvoAJ+y9dVY+ETj/s0/L5YA35QRPARxPT6hfVo=","KJxhi51Bxod3Vg0N0lZvDgT52v22aEBDKcPxQoG3omY=","T7saIgtSJiLQhDHh4LB70kXv3XMwqsyPOgK7y2p1XeI=","cPzaqKCwYS60GOkFJcXPkg8fYA9oAz1wjAgpC8RRkSw=","AhHrEjeA0rvyy7ZwMuHWEx0st5m1wuxB6lxfNcFw5/g=","jxI07qfdt+OQPivNXXsIsfXcyCmojnbqgRbX8FuTylw=","d8M/1fiPjXrwPCqkaTqExcd2kss0Avqh7rKJK3yAnDY=","LiQbUloh52iTRoaob1J9spdioh7cVSJQ/QMaCEsAnl0=","rPIIrAGE2RuiBjczzAe7VwE3C0Sj2kXJKYNHNpyqeds=","UzTGMXBvYOQChZd7AyMgLejiHzVpA921SJEBpzha52M=","BYP91wNrKBvLPYrv3+wfep7zmemiC1IsjLreaobXurg=","DH0qZaQkm4rRyr3RN5hYfgximdFTtjlqE49+pNjKW7I=","ROYIs7oht/Vpg6sm/HEh5/rWR0ElZjS7q5PYAQ5aFPA=","PqOBrDVRVaHgVtSZRlPFWOUupNcHIVkePWiitdk7hvg=","4XOlMw+qfQ8seAIr6I75Q5U+OtB5rTiDQBsuygebBLw=","WkfHwSLgRyq3dJZfOAcVlMl2fLbFhTlJCIt8aDPv3m4=","JGq8xQIdkeC4Q2KxBFyP5nnX6j7XERo4wB2s7CdmuyM=","0GYZisSznbMP9z7SZBFHA4kahTJp7JVSFa5+gIyyzVU=","3XIA66TeHFnkOUp24QTxyKBxdv3OZse6x3y/hyYP/+k=","x4CQ+hFvWEvBHCZQttY/5rqu0QLL07cZMc11sj3xXEg=","IBd++SO+NmC6+bjOrs/Wk7k2K3xciZr7TRC7u7IGxbo=","QwizBvvj68DZU7612lpgOaLorAgwLjPSoDLgQ7mnt14=","L9153jiJJmuJMfP/5d6d0xMyRPONVUezpD6nvCv2a4g=","sTauZ3RIQt/5YpXiLdFEePhamhEugyig5Q8Lg+orsjY=","PZ8UJNkeQWpcSTvQsAqD0RQo6CXuLAu2TvUn+OmFKXU=","eaD9ywzafQSRCbM0wECDH6uMMxw0ixdi+na5HqOLGl4=","YvRh0LXCOEs6mQT5eqa0EChWBGq03h7ONaSGXHKsypM=","YtNT7PsUkKNG1S92fqvtPmxwhS5XMAF2iakHSHEV2js=","TOGZdI7WXvh7MZIWzF7AjHorne5TUCmd5F/wjq/YpIg=","+MmfonQ2znr3Cb/Sq3hFpVtcG4thnuaFB18ObtbW0t4=","gfoEITMrX0Ou1eQpqdLz/28ZN8HKhJiCzcttC+2J80M=","VjD0StcenY6G3KDbvxACDWt5Ba348cyhqIPTRxoKYg8=","Fg/qLDVDEgpMjOE7AF/8HkobYIZoy/SRVfy4b/h3mSo=","X3xJ5CjsaJvm3PK7JKB3i9YLKQGKX1VhdNl840acjKY=","RueMOHNV4K0oMvzagOEEnVjPmEGADmFBjs43ElCKG9k=","BxdDhOlMn1JmZ6IDjZoTCFZj26MyXUzXqMCADYcscx4=","hIfCRAOGo7919wPnecsjmz3s1gds4u2QDlMaTC+6cz4=","b5k3EqPgMGkALkGA3A2jayvhcFljgU1vII92xCLQjjo=","8oNLbcvnCajXa9fAg+wpd1/XazElGukXRfEe6/pXGxQ=","PSIbmDICAu4yZLnZqU8M46Apn1ZIfGi9gBUE405QWQ0=","Qm1CrtfVAq5ZHdmNgh3DPyavAZVdbRWyCQfvMkgDhUI=","p/ngdLBpfoDmpfJuIoZUG03AZTntyWKR9Ke+C0lAsFc=","1CC62jGlH/vQp6ZPbdx03eZF2eNdiTn4x0pgOkvurPc=","xfn5uHXEvnJcrRRLPomRdVbUB2lraQJNK9CBto+XTc8=","zhiYMYv5Z2Fl+SABRbn+P6J+21rfi9+HRFJPmrRXYOM=","yHSzSptK3sMdtjAJy/11QvG9Ega1iuQDMl17hM1rle0=","Mci/P29m1C4pGFAJOuUw0nCHW2thHHn8coWTgl4MdbM=","qM0flm3PsGSkej31Sew5CCjYOLOPWjxIvhWcdts4EZ0=","XLaHZi4Htf41PBiTL7tsrSVt1ldJHKkXhJ6JeahbGA0=","qiQ4XuTI1HkgvShGJzfDTF30P0eFimap8X7mpiWo7Xc=","FL8tLwYUF3nz/WQdYca2JguyZKPvZIMYjJuEYjPZFos=","nnCxPW/tkl3Zn9QajU90x0nh+6wPaC6R7v3CudzFFB0=","x5geALIEG8mODja/QIfm5DoEdF+/tzja0PJb5LSL2ys=","itPEh6Mzy8I/J6c5duI3csDUtUzsa9Fg6uM3UGsJHYo=","yC/NKYd6kBqNLV88QePqKyIR3XTHko7Hf4NqbaHLJ70=","HHyeEK6MbHJB4oBkZVZCpvWQlMb1w6NmkiFvSPWj0lg=","nIUWeVb6DALYAoXTuBN1u5sgA1qayB5uoHQ2fKl/DLU=","eqofJnaDjU9e7RP8TfAtq4IsRDmqtnEHaO05AP1t9Y4=","JyVTIZHgK/hIjvdpOAHjpVApLokjw8T1ElvH2AR47pc=","5R8gOoxi0k11o0H38NqziWBjKUBM5u6L+6iuP8JY4Is=","0CzMMy6E2Trl/29/5tHexesGCxf5YwjHlbMgZmFJeCw=","zD47oxqDBwY08sVORjnQwtqMlBJdv4K/SoDH11rfjZY=","fVzfitT2dGvWW7V1YsO5aJC3IeWAoKoddarJlX+Yu9E=","KiXzZiRRXfcUEsDiaKU2i8t+cZoRMMGzn7WzbzouAsw=","ubqYu6YNaxwonKX+ra44HYEk66p/x9Rm2m0/t5OI4QA=","VNLb/x50i/TlL6MPVen8Olc+d5zcVikB1ywLEVVgexk=","7tkazlwBLoqH4OIoZ6cfi/krVhz/vHq07zyScHTYCXw=","yV9NdeGAllij7xigidVyIohZCA9bKXd1DM929j1VWGg=","IPF6jAIpp59OZg1I/0/SutxZH9ZasHQnDxu6ciyCQZk=","CzJNNh+me9L13MYW4wwT3LulePcGWPGyd4hPMSDL12U=","oe/pGTy1LszA2xuvD/kdCkGmXHhx7jvUM30M+o+pQgA=","2ob7QuyWbYoPky6/J2ulXf+Qsu9Cou2jQXy6L9rM8YM=","KTAFtHLomU7uVCWW1V6L6afQ65DPD9DM1e4r1Jt5bDg=","slmCxG9RAxe7oRvvbNAWK5wDTzt5va9/jJjdn7Oavnc=","kS0M+6P3/MpfMHwqhHlh7XCrpzBlfJKYusMaXTBBS1o=","NwACAeTcKgTApDH6Wd5loRQVraWEo6Tsuc/o1FPgmvI=","JI7lI0d8Nr7/oFlMkQghVejqJEYKGWw2gp4t57tjq5s=","bwp8+Sn1adJ1y8v2Sv3H4Wonr7sH0wRjpNVVQpYUeq4=","fymdc4jExC4+KlhsS/DxKIrUEVK4qsOqKF46G0+XTgk=","ZbIhJaWzgLpKMNtR+7Uovz1vpjO6fvTQwSbAHRDihok=","aI5TWfdzdpM9JlA71bGljuyqolhhz9ET9VOOdnAIbXA=","GZ/iX9SkEkw4Gh9fRcuvazbmHx0gdUuifYMrg4cvw8o=","le8VuUGXo9VN6KMtCIrkf6qDGR8Iz13xuYJ1Eh9vqfM=","PPzzySfLDzW9IanOAOHaEBh3/M3/BE2KTZQRbxqRpQg=","gOqayD1ziUsJGDozCiNyn50emghnA9Dw0tZq84SG9hY=","W1iwgKsj/iIaaEzd8ctl7m7i6wOxcSM5cZC8DDKT42k=","NBG4Q53BnWQY3nVJnkxa/N2Xa0DJK9KebskNwk6qeeE=","k9IL1bDIaKBZALk5L/hD8c/T7OpQwgwa3Nt/AetzOAs=","2dkUnx6MUSjd7XUrD2ub4349pT2wcVP78WN2BlA/5M4=","RqGm6RNgBEqqqsE25eFfn3oO/sMZJGbgjzChJ6tr/kI=","s0K0Cc6ZsTW82DyRg0GTEd7SFecRUmb96gJAkl3HqEg=","olg5osyiQC9wHCe0Zc1wcwibXkyWQ2fvpT50q7kmAG4=","92ViZqW1sNy0yde0yhFaxjiTKyvk4j8noX5DH/+26G8=","ZQ+AnNJWr0gkaK6ODgEPoBHXGs+GY8YYvB1ZvABybSY=","1+Ye23LsuVvUc5spmXKa1I98tA5xy84VbqJChsow8hs=","kIzJaS//MtmYqk99HM/9te2M84oCRZS+Q+V4RcflKTc=","0IUxskY4CENBE6SRZ6TMCBbP7lhVXq47MRRm2Bzm5Qs=","MdMRTxDapj9ln5w0C305dnGhxSV+9BzPiMFUysj0JaQ=","ofdS9KsVfwpko+n7qdHUwEMfrybaZ7oT6af9bt/uXvQ=","cRPZegu65XkMybTNRjcduz9NTzwpDMYPeKCT0P1wAYE=","ruQRzo+P+efxYtU3X2fiDB+0XWpmePiiN83F3xX7EVA=","J8ebNb6J7GtSb5wMdaoO328cUxQXGHyLzLtzDkzUTD8=","m/KlbVcF4+g0egPB2fa+oNHCClHFa0y1enBxul+I6Fg=","OmEGxuB+px3jRxqZiCzdjdQCTnGUghFwqwGTe8L5fYs=","odtEtpAByUNzQhuOnBXvaH0WpXsrzdlJtXciRArY0uE=","voveXwj1lxYFpngLFWI0in7p7EUBAshyczQ8MgXiEU4=","kSMUp5RJaO/5QyWc5sMNYxs72gy3VO9BxWvgYntbHlk=","r9FkPwsXOSP0t2b0XZXIi0oaYg+gPb5ikeSk+VDt1S8=","iPd7prVFjo9YaWcBcjLiBAZYxwGO+rOT6Ak2/6tU3dE=","apf2to/Cg4Zz/Hh+XM0qAVva+A4ZvtgH2WN+VZF9BkQ=","mn2irdQPwyNfUm3/FYqnD0b8+7uaxOngszBMvcSWufk=","RaQweFnb+uEzMEoGmn5uDJwuFIObmnknchSeIJ/q/2U=","YWttTIntDZ2Q3zbLBidIcsCPtLbbsbe+zyiMtE9KnMg=","kOlWZF/YGLJQDal/J4OAAqmpac1r1SptsT02BiE0wOY=","HF+Z84MiE82OrIjwtYtDMZsPuqdg1fbZKXqVqV6Jwnc=","5XAhHsLlBz+w5LA0SXwhpwTFm5V+iwT8BgqzLph6Lk8=","l+0jduLQfZNIScdXn+gbz0qMGSHRkL6OCsti/CqQAXs=","0EXNhY079qp/PKKERQz3IGTr8Hs2S7Z2mUTRWbeM7qg=","cgXwTb8YiR346zQqlCfTylg6Cg9yf8mlTJCqou78b+4=","AhOuUks1zVX/RAx1t+zk6D8U7/DHTg94/L8IVPvFPz0=","Q+CEwak8iceNyh0aNQCgy30GMihutB0uU/gSCgk2v/0=","1Tz07TkzvomZGnSgR5zv2h/0Uzm5UbhQpnDaigofxeg=","Vxs69xlQmAt46yTy8jo8wOnscq/6+arXZqPK1KYR3Z4=","DfLUidjTNdiPQ0xL1Ht6afZP/kOPug4wTeEgHfDNCeg=","x042w2+ZXG115/ZLi21QwYqw0QSEaxmvqLSBjXncTlc=","bJ1O3eE4BcRKvF9ZpbtJU2YbZPUOLr5+Ebxo9ILYORw=","LPrqXZ1rPkoFxCWxiykFs+yB5oQmxF6IsE5gCqD8XH0=","ddOOwnrBxg6WDy96vhE9TVmlBPxRb/GJ67t0fXAVQDs=","DX84WWGBTK+JRpydpJame08FlmPrc6X/a060eVEItlU=","0cJh45czI3cFpcEumKxrxixCAkQCNkzqHMudkDI98Ic=","7ziVkz8EghUfTntCHQ07Df9R26c5UAUcsAGGbsO7hcA=","SBQpdQwZP/sGO0lIFpsglThCGwnuUvqVpSMqS7M6ZBI=","JNKq1QbB3y/tX681jJbFLnwHknIjVVgA/YnjKEXEJpo=","AC1ji2gF/f9U+/1DTxqlGRnqmdBBS3Ieps08yAduaLw=","lmKlPbef7nWeKTidGQkjdeqQO3vYu/LRggfYEVyE5Nw=","TvvI+qkdGKCGAbJoXFvruq7FrPO25DhfCsxCIrmecoY=","y0C1r4IG7APuxoU2zcEIZiXNxJOiJ13DDjM17HjmEB4=","M4BUcusOkVWSa4oM+VLCHNN/GaBkw66Qd9FWBgNf6Ps=","mEzqViMp6Is50FV04UHHvDgPFqV99KExvJ1woarRAjs=","UnlEDq1/yHRZ01/YbgKE/tx0S/VZgNjZ8RNAQr1ImGs=","5+43PGwYmPbh/wE4+Nn8eTnXHBJkHcacTse/PQaeGb0=","pEzHyuqeKaWLnY1fUmVDFuiQhG/CDeOkUllmfONQRxc=","79DVvm8Xt24Zd1I2zewW+ioh7Y+iGFmWzNi2OT+bfb4=","fmNq2in5bxrjOEdr/6rf4imeMOLoeYvtGTK09sa6pnM=","U3qZefONzr6gmTEGQthU+0zz221NpFJq4hCB6fe39B4=","sYJe56dez0ARzGnW20y8ql8xgvcIC9B94ILMubJRiH4=","CWfd+EGvER63emLBNR5uAKhllW/mGo1g3uCcXOhNFKs=","NNeJJijRflKlT8YFVz0g0rTiMYzcMgBaAa3EkuM8ovQ=","LeqCa4oE4x7sW1hJtDS3JzpVkY5tYlG/DvDGI8UhEy8=","15AZXEjs5chM2n1nQ74WkyZyWp4sztXf4JHB+1O0sqc=","4WuFCXxVjl/Gih3B5bX9ByGbtCMjWkOV1uGfvgcni+M=","uahr08rPXyule/BStiNQOS4XFR+5ExOkKpi6YUvgiao=","1gcaeMeU9CgFo8E7zOPWZThLXgvYXeE8d60yCy+blCY=","Y3Wg2mtjs5H8wAQgGTHhrr1mqrQVGL/BCtOHEmzxJGs=","oWb+P9/8R0kp3Sr566knyHN6a/XwGOryzok56dOTY/I=","bYly98R92VM4Q4gQPZt1xkzsav/caHCgPbrxYBZLARI=","9VYfNqoyFpYu1q7vM6gkRSlFCkSkrkqDdxf6UzC59ZY=","k+Oqu+nzoUats+q1j7FVc3vHciM884EaczNOzDQi0q4=","5TyZf5EYy6znHggVtlHVpcRowhPluhkvyz+rCHmJ0W4=","dyo/9pOyvK8VOhu9Bb2ARq8yduUDDoOTxWphL+QsSh8=","3uJ27PSmPcWorBXE2nhK3qgtlGnls5vxFFi4eR8Fqcs=","uUWIJPN7arTFt9p4ERUmf/eDr+h1Ype2wd1LtYtrOg4=","HPyJgMV1smeb/+HVlx2n1ZVaDATNCsONG+d2zCCQNF4=","0tB/AI2C+J2kpoYrqe8yeijY9oOEf1dqsYWcEqaOcjM=","U5f1qdLwOB336U/hQmL2NGK648wwYwABjm064NMNRFI=","D+X9y4d4FdwzP/jZkSVJq2+zeL4zDF8Vt8mUlTxX1AI=","9HUep8aNKEA1J1P1aKvgbaMhEyDsB2eRMt7uCJj4918=","4axKlkoTgozAON9g7LEkmgvQF65OjU0ZydQBFUG44fM=","USWmtezr5eiosaSYd3kU6E/61cb1q6+R6JZqzNJFS0E=","sEL7BE1l4qMnQjjGX9OZO18UkGK1X1LMStxsA+K2tcc=","MAvUyjUNhiW4WtfAeKrIw3a03Zg5BjgPk6v5e0BukHo=","cD0Z6GgqL+TtmdlF4m4BuU8o6BVojHO00+L5s+4CMvA=","vQ9yCtr+n6dmRbDmtfABTqiSfzIiLxgQO22q8nlrNCY=","lRZtU2cproHsPmU/Fs9eRqda0W+s4q0vSyhsaWO39cI=","2FXp7WFRg7ju3JTagu98tUYAqLbXQfw6g0HquLdLxzw=","N57kpJgdyCnRqoJHDI6SQ1HAQjppa958bh5Hoit4ME8=","04290Hg2/W1hN0rg0PwxR7KKGmdFKk0CFOuwaM3XbhA=","l7Q7G8udg7Jm1aGeHNbGAu2cW3q9Xlh4JibCQhJApSM=","XtC6m8mBrGsQNDkkqcYcdSaAhigRpDUJJoBqTeBfxPk=","8A/MnskmR/U4DYAICgilhNjkIOXsdsjNoem+mFZg9Vc=","1VOiC1zy8vAMrfwjuBlDcdA3/DoAW+tyLWSW59n6Qq8=","Jgh38GBRrfS/1oM3DF30vU9aHP6GnS9ueA29FDzyaGg=","xvsS+XFC9HGeybnl7RoodtlcZbHvNJtbZiIjiGEKRYY=","n/rAUwxB3wLvFdrga5FsLgMsJrnTRrzn56/QBXfVyks=","FQqY1IRyoyf0wgixXgO1VZVO2cZOXAa7QmGsbNj26KE=","1M6g0bQs1Ioyn2YqC/Etevp/58qgcXCYdSdIdjICETY=","gqp3N7/7O4GrUDWG6NXhayzaW+1maJ95lPK2NbUvydU=","j0s4uG9ZSOdZYDzMlJFFp6kDa4BsxIs0NQDI9/PoDio=","9C8VgOL+iRcqu8RM2LytQmpDeWBMk2XyQUqdthQwiTQ=","IkIzDxaB2vMyvd5s09EOiyOLTTqjr7xtamtqpXTlEns=","otjAc1nTEZ21NVOh49eVE0PCMS3mzAcm5uniZvgk8wc=","okXFVWu7cDvC2TsqfS/5pO67BcM47LkYys7RN/EgSSM=","qXtVT2MLZycP8QheLjs+DebaQ7Pg1wUtkmOoRTLc2ZE=","2DkDKp0iJD0hMg6sgTD0A9lFvZfIdra6jR8FUFVDZa0=","ODombLE/5yonpMxK/VwXVVUyrwKV237PGdx3qydO9MY=","RsEXXXpVBwkCKm8HeAMCpMGutSFKSPzSrY0qrLjUojo=","xu37/pPGuNarvuyPL37LY2l5UMD/wnt1jVTzjDLJcms=","QoAxgA3qQ8EFU3GtweX65FYVJk79zwTLc2rXh/ydYF8=","VKTSNM4l01+CmL7jFXbykF+Rp9o+BjO6yUVxPHlc9CE=","gWLqPhiV9O3XGGM2ekWvoP6JZfbMy2TYJiubJ1/bZEc=","F+Ua+1WBhQZcUmUINstgioP+LnoeR6kAWzbmIwQRqE0=","ngRlIRc4eSSmr/7apGB6syksMyDW5O+kcJYC62lcsFk=","Y33BQk4Megf6rEG5SKFiWvPJGlplIDTfB/NzUFixqnw=","fY7xAb6cVsgFAmSGbERpFX7e/7Dht7zQYUhLMt1vHqU=","TF6bLbxDJAbYz11Rof4FjQHeRBIz0dXM8PagqTF/qZM=","llsO2qHW7I2DQqGT7QglsWT+6tOMZCQQHmk3qNgidTE=","+L5ZH5+wkaqXXESV5dgb+2Gb9YUt+axdzaSCSjgCk4g=","Vw6CIMFDbievNEP5FIua8PZ69SZDOWP1JLQGmRl1rL8=","78Sf3klHbTutuJriK5xT0hQrHRD6BjkAkQVbbAL9Gfg=","rvV0IF5OHggawBA2VnzA719Dft1vf0MzbBBW3SAlSJU=","rw6g7eQiq+0I7VAQnEa8rdvcV9FX2Pvbsc5qK2SgiCI=","h+xj/9MVoP0paR1pkjRkNG9VMbrilFXVba+9iaMUGKo=","99XsTKCF2mp7RNvM5zQg/cdFqySvtMLMphN9OiZ2smo=","YaFXXHolbJOlpItNyhcywLd4o5sEEsH1qLjn6vNLqjo=","MRBqTR0lwVTMVsTVDajY/eil+SYsifIsRwrBPatJZSg=","oRJUEsm9aa+iUtq8boZs3rIm0BdSt1TePiiVnpAK208=","HFheuVPJTkNDnc4BmjJ5NWDi10v4WjZ179yooaCSmvc=","Px/KsqLJ7WiliWNv0Ufv32uq6RTKgTvi3wcZOWVW0fY=","L2rJJFgKA2/3NwvtItSNDiZ59gu73AaTV01HJlp0LX0=","AZ4aAJkJG75otgjRBQsd8V0tiHnFTmfkzXbBZPwICZ4=","8DWv8f0hZNdojIqYekbCzCRs5CcQi/j4glQMs+miLy8=","2Ka3G+MBKcklra2UqPnyBwj8YVyjBBHbJA+wXgt1+5g=","zGesxSk4AzhdmCnnOqc7RLj3ketoQv6jMRsNlHMqjQs=","7xoE7BVcKMx3lW/5ANnODfiQ+QeaQyXCKFQxAfXLWpc=","MehdDPzQIzSIerPJ5a57OMVSPDH9el5e/vjNNTASRow=","Z01Xn+Kf5EW+u6wP/8jaHXrJ45PJL7Ownll3uNVvwJ8=","W1PXfOCR+ZkzIGrOcolIFNp3RITETsdrARx08V6UW3k=","O/hBOenQEKTn4aXfUprdgq6+VJo9m4G4aYWKonp4EZY=","R102QY1xKxaMzhA4C5NxwXEd+64hu6z/XsibD4noWOI=","xSzIFpll9k/loibAMjDTVw40DXXjRBtgOqUUjVjC/Hc=","Hxi7+sdSOuuLbDEvbQhGMcIkuyvug6Mh/s003H/zd3c=","sW/VPhkWRUe8ALKR+MziTFPHB65fThknwavW6IVDMhU=","mlYzzcZkcbGlIkZqz16dQ4HBDjRO71LRN/279IQRUb8=","tzHzDukdGKZXDhnxlkhJYTSg9p7ZjUdxUkT+Dox2GTM=","2b20jStxozUcqv/lpbhQEEZ4GtwjMUbxChLwwZ6JhxU=","3GTb0Us0ClTlnY3d84O3vbUpAzgJm/nRvqbXC3jutWs=","Hz9Bp4WOAlXlu/R5/zIBZ5YjWMF6lgvxsV5vYtctxf0=","5HUGYSYgRtRrvaICTBzO3NDrH++6n/W1ntcWICQBgaM=","TNZZlbVPHIm9NOjNYOP4PiGhlinZmiRcDmdrkIcrxgI=","Gez9Vivo+tX94+HQAxDbMu6XpAGus65bXHPOKj8I4Nc=","lxAEYPJtw25Yw8FMLZHYVEDZ72bbtulbN4ZT4j1GYXY=","ssMA6tX+xAXX5goXLdyWOGBEOuHLWJpEyUrfDGZtjFA=","5xB7YFEw6+OUg/oMRkoc8C9d7Tu+U6rGZptOkDpwfyk=","gtiDfgk3ccWTxcwVfqiIGqtk5Fv2pdQ+R6AbrjXVQGY=","Hbk590KoB/jS6RRM6JQJ/w8ddEh1avA2Kkb4FAtN8NA=","LbhZkuTbXGelYKABFJU8gadHA6ZsCA2yf8baHxMFffE=","HuE0VCQedokxW36R0XN/6DHwamOEeh256p97Q2q5QEk=","qnuW8r1R+bsplojDhv9ZDKV5+cm5YoPI8U6nhF8O4k4=","l4n7qXB5S0t0LGlJ7NA/jUrRryXSC2Y+2SZtSZjUzjg=","f1bsaxf4O52Iph6v0JS8qrEgJk/s5PL5SJ9wcj2Olbw=","nLtprUZeEPdk1IjtofeDIrhdod8CBTUqcIa4r145y/A=","idOHGqIIXMjcmaP6pgmrMXDZjgYXBtVgI7TzV6fbz3o=","YSTkBQpU7oO3ie/Jejb3gT/gN3l1GQSI2sreE4Y9Ih4=","SpRO7EVDTOudBawkaWHUdweRhuNs/AjQt/3viJMfBDk=","79PsNT4W6S1shKSYa5snjx9OY3n7b+BIo4vRIONMdYU=","XrJvXL/MDC7+m27MOxsPrr2hNZNUtnLVJI5nf8fyjfY=","1Cwe/nm69ZRjrxujASnLjZJ9JJOQhoNY2GypgH/kNhg=","M9Pt0wLsL5A6oi2UMxArTh3VFCR0s7b4hCHUtMXPf7o=","YoFDO7fbCtTqKYK4kEtns7MUvMOoCJzb+3bNq0B16Mw=","+g1oGW4jhR3X+fB7L/KcJQKQvkiuqgkWWN3UrcCopxM=","ByXBR83griDb8Yd77XQuLyFmKsRG9eYkaSg75HOUoHE=","MqBiMGZnQLDsw8bGX6a3lUUU5mwOBiia3YUfGDhcTLU=","9x6TQVjFA2rldWX8P06fYIckSa8NNoH9/t5/m4KSW0U=","IXa7S+g1OMBXyPELrkmDvDmoSLdq6NFL7+wuJaG0Trc=","WS9QnOQAaW4QRj9FJe7/17oh9tsb0XfR4Z90VPhBrxg=","UysGc0G7ZcUYTr2ygRYeSn/aUIbBnLG5fi2U3bgBmcA=","i0osWnbM0hoKyLWWPPW2NoxEbBr1eornbECq0MyyTkY=","Od+t0UvTdfddgXO1X8S1mSic1xpm9IoDBBVOjF8e0R8=","wdqwWhrBiwPxZ0jPfIYMAVn6yNwMZwzLPzQB2Pdy7QI=","NXtI9ebfULDIN1h8c3oLy1bzB77rW3m8gmfhwH0PTqk=","/IMKoUF82z+Si0bPH3KpIKwR6rWafl1qUb6bnmpgeCY=","ZWdTUNWuWL1A0PZNN15AnoSyJR4iR0EZPDlT7gtWU1c=","Ed/ifA9aldjGv8HcKwu14gy9/HIX3uQOEWeQzrSshKA=","1XgcERxrX2nHtWcECT6PQAqPTwCiHOd/iiRBphS9Ms4=","H9QOkWILFc8VrXd9RQI7TIooFtYV2mNj29xiKXMY6hY=","PA50XmFhZK8XLR+m6Y/tfbIoqDpDVdrszm1Q665UqXA=","4xGhsBAucFoFUuDa3WI3b58OcI68ipfS2NITOWj7Ytc=","PUH7ITT2CNTbapwFLD3Lc4fHXLXFOaD/Vuo+IIycwEY=","UPpxR4nhRCMAne8HQVn2X7qHSbEugJBT11NTrTtN3QE=","pc7kDv+pJed4MX8PzwXfLUelciAp71sIVVsURMYvb1U=","YvSX7uAOT8udww0KpooNEt2lwMZfvsZ2G5MXhij+5OQ=","CL0YZQvuwvUyURQjsJQIuXPYhHoQOPHMwpc2RixG6VE=","Phzj9R0dJ0Tjg/W/l4RP/qkLN+fYcrhVpXtNlim0k3I=","0t2VWWjs2ZEIqWq4t4flAkCsc3FTcvadLqYJCOuvZgM=","KXF37z9/uCs9Q4+yoyzj/0UKNnB1wm5nPbseF4Hgxig=","UCoKLZ9juo0Fiig9UjumwyHv+USwwQlPCNXA5cUpShM=","muFriAcpOkyho9P1D0rpREVr7sUGoOb1YVqJg7js8uQ=","8yKq7vFR6hu3SwCixsHjHLtuyeZ18azQPQZwXNw7olg=","A/Uf6WPsGe3TzG/bY87kSeKI9nPs2eMQy484IQdL5V8=","AATUDqUw3PwLczNIfLuoYGsENxV40nvlqzM4iva5ouo=","VrMlhs4oE1Sz0AGEKzCg7D9nL5qb6JzDCmPaXJp+d7s=","xSOM3clyb7yXh8QblnuMyXnrJWvLLUlDH3Kz8EPl3NY=","Z9ksW3qel72RIATQYIEro6x1Du4EqcGi15SVcxcSqXc=","A+lo/5DwB03dy0TRauUSST+4NKeyWTTeEWDbZJVYlJY=","ILWY0PZxQqfghg7PcrnmS20ah9O+dzm7H9Z0jnxRBIQ=","331kY7rpZd/azPz748ifdGoJI+PwwEjLYQYao/9m86Q=","DlzHspUopbHrPpEqR3mIBTNjvUbZBPMlVRd05sO9W30=","j9+S9eCZA/Fy4CIbt12xrrccS+pSvbJBbhgOchNb6F8=","tQsC9+177Eb+OZq0eNKviSKy6tu9n9dxRyjNMwHfMOE=","QHKfO5ftRKmQYtCYHUs0VWpthntcNNIzOzazXZcqEMA=","7j0t72NgHfCwhijTZEJ6yQmdtx5J8EwdhADkOdRMdj4=","ADG6L0zwOghRXRyALNvJO0BPdpqr+h4Pg1VWsz/JWCA=","pXoViiRcLubBqz83gz/5bSE6gcKA0k79rb1tiVj94wc=","LssFav3QPbdrYP91SmxJQ/uV1r/dPRZtWZLKlNGa07o=","d6IgcnFfFt81Un0y0p/JZOS7nxqHdWHb2eNnIRCg2rw=","byLJntFmWYdLybE0F4LJHhCrO/CrbPHGDUgQJOElpLE=","S3ElOxL/HU4Zl5sx2MMcQx0YlhG9hz7t8HEUclseKcw=","RCRyHDrdwjsdUTJ78CGlrZtgJr/Gqhb09yvo4zhCZOg=","aDM6kxFnmjCXqayFk5IXmEFd391GKYqO4wleYFxYoHk=","hESsFf7+VcDUjyU+i9c5KwiRpkjePRE2XEM8Ahk6R5o=","axcd6VgZWIWYROiUzJIUbbGtpPHppbJpDycLqMKKoCk=","nQNTwilq8dVH93+yjFDFnx2/wRH+hyPwW69avaB9+iM=","cErLLTxrEihJN7zxrOl53Jy9oqjJfYhMKP4CQJsrtp4=","qS4AXZw+Sv9+2PAhLd0FY3gQimK5UzdD515j2+hd8Mc=","s2xQrRBvZgS/S8ljiLC5QI3tgz8ibiJbDgHcQyw734U=","GBhiFRI1Pl4LcuXU7UT4MZ3/4NRswEYDeWhcI1ts3S8=","5dK7znQfj54d7aPPZujHFbFVbHllzGHYdQHqrrs5oIE=","MtJY/Q+1KjF5WpZKQ/WeJRci96+tcNDFTL0G0W9ctQA=","uJDq7C1zZS5oiOa/kf+rGN+13jTzi4IzdTTnJmz6Aso=","abKCyxx1nCBiPf73zdErH4VdrAZMotGB+bpchyDG9mg=","0Qsc4kbGnelMFv1oeaWr/SctxKP37QAdE8m9q1pT/vY=","ApOADil2+czghB/udmBHlN+nnbxa5jmqTdGv6cB8xRw=","0uEDN46css4ipozAByBj2o3oqyCF1KOU0x2+fnLaWDw=","1JR0eiebADLYhi44IwVvIc83SbVGTTg1R5lIzhyGtFo=","M8aQ+pwwWd0OkzQBgfpwIFxcSxUlS1S2KUId7onNSyg=","CXglLC8jptOG+pG2dlFdVe3Zib2zI8NCggi4drpWPAU=","KGHE0i7yhXIUNaM7dOKBcS/Cz8bw0oND0kEMmFF719w=","wP4UcMlXAsH90swAM8I2aFJcQ7IhdvPDjnShwjuEu2I=","4Wb0YxOLlbvhk4/2GxDMZiPnO0EW3IkjUSHm8w205/E=","SDGZiroUrvehx7I0TP4izRMDdX82japJ2oLx3yi1lsg=","djVl4ct8dGwzrjU2qK0b1F62oRPQultbpw+UHlbTBjc=","0abMDYS2hMeIZaUeAnrffpHiOz3Nd+lTpKRT/Yov2dk=","Y+ZKQDKTD8FkGc1GICB3EDj+MfzaR0HsaqeGVg+oxqM=","uzKaFy09LPeBnBoLkZE+6+9uiXZ24V5q4U4E8JPC6a4=","4rMSQZHCK/GrvHSceWWxycpPZupS9GmFH5GykNLYOMY=","1CcMiKDiwYYLBVs5DYmROHA9QSiMVJJkXIXAO8tVai4=","/N15E98ZKmwbuyDI9aFEYOSXNSZrDWXmGX1oUVNkZJs=","NNE73VXRURPgmXR2lCzZweez4exFCVJQRO6Wyu7u5KA=","fNmwaREJEZy14dmuyA1NgaegKOxV+B1oyoDljHLDMhU=","2Fg3gh3RvXCUFOaK0MBaF6qszhNvlBtH1Fg/eonwzek=","gcD8HX4g/JlAWXhwSjXRayjJnU3r90E9rwJCwZgQ3xo=","i0eT5vPtM3o47Ngv3bl7lH2L2yHmoeTLYWTF+OXBvwI=","50YxT9RCy1NHJ90cJ80Mys+4tS4OeTORL193icT+q+4=","+euEXisXt5pnpOsvdyNnJjX+FSZLpWaQHPIbivyD6Gc=","dn31jTeraRClVpjmQrR7wavNlZrCXOmlzGFRUiSjrRE=","Nkq5rQiq6xQwcnYe0ivPkxI42q2gTrXeua0GzmvqLzU=","WJ3QBZrQfj5G/Hzn0706GePm7yO4OMgGMU+h7VCwnpc=","sXE1/7yv7Tp7jNpc8+OGPTmNVfe/rlhNqLaUwuFn9wY=","2Kg3adehm+Q1WcCHwIk0gMYQ0srul4pdzncj7FLeDlg=","xjbjsYK0mGEmo8Z5lgvjCUaL6G1FBxeMXOWSNlQeOe0=","MNA7kPRNju+JK2goybScEfwIEXd5MZOhzsaPJei43QE=","xUkklp1A/ih6DxnLNiD1WrBJa3LufiF82A3o2tH4bIw=","PikMcWopKYCha5ix9Xer2qH9DMbs07R/Nye41qlopOI=","Bi16EyttmbQ6BlFlLtCs9833GsulmSMVAxK2+3D07hw=","7uSzMejYA9Uun7AnI5fKoe0RlxpiVmnBioSiL/YBMbo=","Vw0ql+rvToPc6ujwbaObYOx/wZ3vUmZ0eFOUpObZzXM=","zE3mvsIDRBtaFUZ3bx0d+JUQCdzJLn7DWEF3eeZ0PNY=","52XMNRYun8ekfeF9lbyufkLXCOVWGxBJbUpEVOSjUGk=","kCbFe8piS1Ico+M06V3tKMHVhj/zweklrgRZwGW0PV0=","TYv67x/6Y2QpewL1xVnWyi4FmB39ZmonDyqhTJSSSw4=","NoQYoAbjUjIIYZ30/A6q2Hv3btA076+dITHO/yRHcX8=","1kZuQ3BerCYSJNIxOL1TLdB43IEoXBapuUNWcO4RuTE=","rUMQsIPVzAcAvO4kTzPQcy8dj5r4LfHtyei5IaQiOyU=","XRPCvR88uM6nzeSxhUGrCuskHlF4LJKffQ/ya9inYvg=","qygo0PbJ2mGdSkvBAQoYwe2XxwJ7ZFzKYvlB3S3toDU=","OvNm5e4KJRhAVy6fcHoY20jie5sJP4/e04n/zcN7GB8=","rebOucSqdAz1kPmUChKGObxMfUMdE/mLXpMzddrfmlg=","fHqr7SvVdeMf5TqKRdqhAGuI9d7t9cZNReXh67TG6Yk=","xm4+J1OonTV5MrrtVuhUwGwSqzA2Hx7z2kgF8KD31UU=","fumYc/Z0nxVu3BfpOH5BaqtluoD7GBUMrc9rWzOrAA4=","IXdmXtI+H4ZoLyjAXKIWD3ckLLbDlFUKz0/Bdm3zsx4=","VydDc+14sSm9tLbjEcOrAweVQTh6i82YRv9QLRXVGfg=","DnB2KrfjkfxUoa4RR097yUxqA9QHbkC3nqeDzjst4J0=","jIxCS4nnVpFaYsCPUq7zEXVLu6tpqosvHloQGNHaCk0=","suMPoRoa/8QQ06IwRxc58EPATTiToFIUau9kII3iAo4=","qVhHAPzo0m+MjXzcIEml+nyldobyuqvlIldCdYdOFTU=","+SeUzZ+9WNom1uA9V1VWKOhhnygel1dt0qXSjDe1OWg=","kdQo30a5sz3PCXGQGxvFuU96kQ2FV0VhVArtNUEpnlM=","rpSqqHzSujylDGPrZE9PLiqKvFCU2NNYFSUnTTLzcGs=","/ydX4JdBzwfp7Gl9o27xqIM4dHy1j3EFOxuE3CbCmRk=","ytjxES1i0yLfOjvp1Q3u/U/KRdThezekuY/Pp8mvN5U=","qCYkMB7lpz9YiqSchyyvYxEGa3AzX0/jM1oofSWzR9E=","NnUsVXsdiB6PKKxtZC5jYlbWxUZSt9U9pk+6tCzgHjo=","aJ5RtgkXpboLFzjQyDZpl7FDgLOsQ0BCpzDNjCYX07A=","9rZ2u+/Us3+S55YaboD56D7j5ad2IGFWdfCvVgc9ccA=","fvgZaDhbhQca/4kD2r47jXT8LgezvVgEiOddi7jCVQw=","KRejmNy+zvFRIXJuj0/RL8e4kiWZHlFRd1zaUullxEg=","jYff554zajDS/5rwSsiXtxlhv7RVTIu+4DQz76ISDVY=","rly7GBNRXBDZfNghArA76iuqEpF1+rUeFkndX0vvrs0=","u5hiqKB1srnkt19h49vCWZ8CLmo2XlC7hPRblqo7S+o=","q/VbTO5EuSWvmtyVoVkpAVNRhy3ZwlujCLMw9i9WB9g=","Rd6g/bK+ti2q5zNceH92vqMeNhxYrAPiOqsucJGVmE0=","sa6TJvSBZXNWDJFG9CiNc3trcXV1bjsmqjWN8z4fBcQ=","Z/TRA6ARvRzTbIoB09ozG0uSGP881VlkXx0Dd3s2n38=","L2oA7wi3fR+KSrApYbNYq5GDfLuHHyK6cdqvXtf5rcY=","7rI74mjZdUiHvfPV1XQkaYTDr6SQfi46Si13RO6BCTg=","YQSnzw2jc80lkBlyvVV7zpeN/NSx7m1phdF8nC0RvFI=","ZjQ/Q3Ej6B2pgY03Lolg4UE2UdjSZXX8BMhKq79caCo=","w+eojy3KQN+1edBoC2t0gpwAm2xwJ6muLAvHJpqiQE8=","Zb6nPjALIDegunQ1WhI9v7xQB2299OFMDHwVoBaMzKw=","5ZfIdXwU5ojvTzVAz5rC8ZqR8hWMWeghwgbdEMY+7SY=","GKnYP5UeLytzBHWIzoPWrqEWr0zzldsso3r+AI1gtY8=","upqiVF15RTqlhQRWakiQ/1t6Bl6imy+7QeQ5nF3EluQ=","BIFirHbUv35ki4LoeQuFAnxxeFIN7lr2SH/mhyPkQbY=","zpZEYemkPZwxVQQvRP9bCDLC24qVCQ/P8SwBiquw0nY=","YuoP+90AA9cXirR2kvFGCwu4o/f8TVvvEcg8k2Te0G0=","NBsLvt8uuIA2ua6QKr4l2tg6F1tPQr0oEYyCmrOYJ0c=","CCnQh2fCWHnQTfyrYka4e3ZA6icXjpxHeZrwhutgWAI=","zEhu1E0Dl3cZcE34pSA5uZ1nzt0bpjyxKmESJ7rEupU=","NUE0SO9gwOdQsgBaVHUaeFtXXMnAcPwWUdRJthQpm7E=","AN7DNlDbP4Q7C/v9O4YTqsVK/4i4oQNHsBtU4HvVThs=","MQZmyTcStkEVX6iouEE3azWXtBYyhm5yitDPfh7wii4=","dihRGCz7CJBzksOBmMUGY8Z7PzUG2v+9OuKnyxbrl1s=","OX5Tzzr/MfL/XIb3bue+T+lbuSoh+QC1ZB3KnHhdEPA=","QBvLp8hlCo0hHSK61GkkUesbAJHtn6CNNOFgvdp9bDk=","VgMFQz6jId86k1TedPQnpVOyM3Iuc1IFg27o15Rp/j0=","Yp5u+fCapDljn4XNa0ZE4eZaOw3pVoGFCOFfZPDVBJ4=","XXjPj2Bs96LF+XDMArkB4P9O+CICpgXqpZ7weuO4iKw=","jaJDJtxCj/6uDd9W+PsCiIa3rug7OMOrHiufu4MKtFY=","30ZWzrkCWeD5VaUqojXcVByRhAoW2+69wVwZs+JgjeA=","P/j+S3ZXZ77Awqx/004uzHnp+FD+G1FgpTHZEev1FdY=","iAwiauBxUnvdP9wDrQc9WjOSeShG+5zCxfPoJBUNOWs=","ZPU7G2utg0kuqDbEM7nR5cD1HT+fZ9Ul6xhYvj3gcDg=","wMbcXhocK0wZFWYfdsprlabLMshH5pw/ThS38zyl1GA=","lzQX8Yrc8O3thx6jlbU5RLk5O7PDDV1K2biz5VK6izY=","bm3yzCG/JjEgluuOWbRFvzYav3Mc0XGo2vwoSukB/Ls=","GrRT3Rtj+wWd2xOJhZr5S8TY3xGSo9r+wkImVBD+x9w=","0j0Fztqyt1+XeDGJUZN/xK/2pXLAI2EPaG5s+frvXWQ=","RltQoV3eGFf3pDLr0i9JWudUZdCYtC2u6zY5cSoA0nQ=","E5f+kUlw2t9lIp/Gs470okVDXneQwywTKooz4ov0FpI=","SpOGdNUVCcZLQKGNFFtSBknchP1L3ziNiV7sSvAHnlc=","S8ifNUCi60OmlbiaKTWN4yQqaS2an3EqMqSbUloDVWs=","qYtSYwu8G4v8LdN+/ij27W+U+X+B+cU/xCNpTJzSxPs=","NYefOZ8jB/WgByRmXGxQKdxrj4ZiLYCQ3ovoLsRlt3Y=","3nrQ17RK7lGRerfaENpVrCRCbn260sUJwu+2qq5y7aI=","EvBzCh1sdSpUXIAz2mABODSuiiMkgdaG/7XVHt004R0=","HuDqIGtnqOAku72pUoJNJRiF69hmPqEyGCfiziE7QZE=","z9V9B6b4Jj1BYmQDdAp/rGSghFJdwmhZnoRsku4sBO8=","Rv2osP9HQxBHFhli5DAMYOUdmY9XhuHQOxh+n1vwPDI=","8CMeIAOH1hdPITYgbo7Tsg/MIUq+HAHWciM6VIk1R9Q=","hBhraj+dZTM1f1driYjKlJFBBtsd6lYwEuRnY1kDzPg=","8YS26H1Zv9dsTyIYvfC24NlWid0QRvpcllMyXLD620M=","uMPkMZCYFz9Xv4Nby3C3APw0BmbhvSNcTNE7YA/1v6U=","HiDz/aXzUWlhozQNyqtBedJpgfO9erJ6mgLiZvThKyU=","CbLxEIL0Fc/vm8sY0pCf8QEbpteSTUisc+0b08q7mkM=","d5z64vTK4SPxzvWFhROmIVpJ1qklNOQjL9bRVFGtSn4=","vo/ng1SdRp7OB9o6wNr6Y44SaFhSyD8/l+M/IOe3Vts=","ZnvBxrB3c4Qe/aZtuwOzMxnpkLzPdwORVM3hlI4YESE=","naR0GF+H8sFZAmnPoxv4qMQK2g8hMpakcXsrHrI237Q=","2s8kEr4PNAi4/C1u04YNUhLQqHCA51Fa2Rt0qs8Igzg=","in6aMH4kGFhkhlIA7OEVWsJ9ry4MgPhVXgishocZuJw=","nAKPnAyEv44MnRoKg+ZskrDZZCt1pWZlaDvIXb86sQE=","1ypHbk9lFzVtDXONVpb9wm5Chf0JFWBr3+h6gJ3oi1k=","gy/JNx2kdQGz9ABtDfodIBxjAj6Cr+z6PCuUydcfViY=","eaQJCpFnn4I0v2OckvmtjA4z5mSewK2DZ4nKin+DdLA=","9/DI5NnJrnHTV4Gx8oI2conBPwoz8XW206FhQ5V82Mw=","iIQyUzg9Lgz3b7d7fmhPniGttP6OL2smA/Lw4AbqEkI=","8es0l6NnexE9fnJUXKi2GYs5JJnYTl4eYKNM5fjKQ2I=","OcV1DQpUA77Bs3lVxgTrn9cgR+2SM9z6qf062VVH020=","BGfQ6NDoID34Y+9XDUeo0xM+9gfuGMp+jOE18miWbYk=","nnqSJoHBVDJqxbmH2Ur5mQCRpYrx6uSVCWBLPeLya8Q=","1nCHIPZP+8RF+cltuHjGqxmdUjJZhM7MSkEf6b3PE3k=","Z+bvCZy6p9tvcvuo0XyYzkiPOmUCNRKlqBBGC7MWIAg=","MqvPFKlWqPjQRpJa6lQ8LqqTEcrhf0nleZ6nbFaNc2I=","4Bopx7Yb3cs7TIMp7z9Q2X+iG4uc6+aSkDKK7bptCdo=","aF2yNtMyiN2OvraFnwl+9tzGgQMcVCtFFD5g/xmNzJE=","l9fQK+rsjcAWmknNCR1K+6H/pw5n5Bqtm+nJfYW3COU=","+T13DVUJMCM4t4S/Q3pIS7oVICu0gdie6gKYntSWRnE=","VNlixc16e5uNnoOTs1TeaZPFUu2ghDXYgCVBXLatUr8=","tx5B3UkHRCYHKpxGnZNKzrNprN6oHQwrrhgQ51SO/t0=","kWkVi2c3EEwDNYuVbMWq4PscF1zMWDQiwhJ8+ncovno=","EN97cEi5BmvH8JNabgum/0s+/Na14+e6b960YYMFMEE=","BmViVy5djdI5ePf07qHGSZENYYx2ggYRCga9OSuH844=","QJQS0G3gL3mD7co5Qf15bnebps95tU2Z2LEQ1N31ej4=","kb1D4Ys9x7V71YnB7X/SqiYDr8I/tmT+UCrWbKmuC5o=","upZNxbFh/uS76tpd7yCTzQlUpCiTeqMRR6+4o7aN2lY=","ML89G0GfcplwJXS+c4w3DwHJvFaU/2YIbtDkLLQ4dJs=","7qYDFwnld1bLlIHYRNrXda/l2VOQphpb4FtQIo+hgfE=","UNLiGphzYJcwu78j209sFMjDIV0zSyfJQhZETvx0pcU=","eUrGUkWS51RH4w5DLU2sbrRbfgru2RJ4+6y4p7AjU/Y=","8GzLHXZ698a9aI2eHqrfNkKxIXJoFZUr8sLmw5nA2nc=","H4jR21xpgq13UjYjILv6VxUOzhFmu5fIwAH2t/hKuGI=","laJIAdd6v0A37Jv4YyCUEd/g6m0vVXa8CRrJcr1BzN8=","mo4ZRjV93R0twW2d/BdjwunrN2jFNcVEwgn4pMX9YJI=","6HgblCVMW4h1VaY4BIA8VShd6EkznXTSAu1awMbqIv8=","EZV/xMO0WOo6yt/gBWF+8tsg9AZd3/PMc/sFI9VGj0o=","Ge5bmz49WlBMUN0g8zX0UNwpwlB5/oMrRMkkE5n02CU=","5QNQIxgohu1wuvfsfMji23LJz0N8TKDQONdIS3W6iqQ=","V//r1AtYjZRAC25gUOENDSmL5gXu+bhUiebAcuByN9U=","V2TmO7cH73o2COJ/OFkU7aALEwOhzKtgtaB78+jnDFk=","6CKfZimA+Sfn5Iwz11njohJVoatj532YRhWzzGvnhNw=","JQYXPTmx3Nmrs4Pl1l9twnxZlMKYmtmsK+OaqM6gLSk=","1EEyciLjEzwNFmNZSCVSjTzwNrytmngFY8ktXO04iXA=","62CxQqQAW/L2cke49S+1WC0hqAlHs8m1316QdAXapKM=","CkSm01BHFGl41iQ2n6sd20yJWqkj1k9W4dct7LysVZ4=","d8kon9eNMvx7kOykufXwVZeYZl6znt2QVl3ubgR8XIs=","DVn8B6ByvfkOhoSCO8Bzr6Tn6WSK1PPWfEOyqEabDCc=","sR41WnENL5X/1zoEdZctwckyd5JR6ZaqlNLj89hjT10=","2b6Chw5o0T49kkF4GRv7RPBZO1VdCg8j1X8mVDHr1+A=","R6fuczT+tjkK3qnOmmrxYZAQrNJ0hwo0cMlSFf0R/GM=","DedmJnCexdzReyXa3eGvoCUwdA+iecU3v7PZW7UrN5c=","LOAN5oiSHkZJr2Ocrg/qUsgDSAUvQQbLecbacJHAB3g=","iMkXp3e36dVtgKVL/FT4lC8zWpL8cnl2/Bz5k7XOvaI=","80++43d8FqaVwDPlg66Gl8x+HdTqXCjiGcTsDdd8864=","oTOAr7vUNtmGNhetIqeiOR32i/WgONPrGBeznObQyRY=","r/4Pm2qXoWVnwy9553HAXAYxYVYIU/LgNGv8yG3YKDc=","vWHuT7F8i8ciwEFBrWOjBVQ9swiTImkpZBsnpVRvGjk=","Tza6dO4oIkxTwcu/3rV3WRBZG4UwlITz8faBiDoe8to=","v2i0kt/ELHzxXTJE/+PhE16lktLoTYw/plj80HC3HZA=","8SdBTRdQbuWfIzpIVRmG1zv7QeeeF+T6bbHveSjumm8=","izkzRGebGBoUu001kwA5s44tPw/asuYMFoCeqKUGO/A=","nQry1+LVGPDBqxBmdiG4Xj1VP5O9BsVa5/oCnKv+blo=","jBMHnxSys2s9FNjkJbLJRV8tQEpXScpaV+6u4EiXVVg=","yfWi5Irr2BkWow0xncUH23WHb4N534wyZuzJm93QuWo=","ic4wvySZ/YDXyAhpmzTBY5t5yp5On7b5cI8opzZqYbI=","PAQu2suKHpXNnVnClGeEQL2RCQowRTskbr9Jc9ifVvw=","wq/kN6RqkIMaAsaTjdDOoea7aaQGWLdn9XOeN1OLqUA=","08xlivNWl4EV1bG6/BnTP92bYGWUpTw3LDM3bhZXhwU=","Zl7gY22ApoVTloKG4HkrFE8473DVfmfvrLWAg2yPznY=","vjueJ7LN/M5plcrg/8DCveGriTuZ1z7EZwtgtEDnqSM=","oEJQDz6vVSoPKQU8OtfwQOuZXieVIZEs2zU2r6NpR4M=","m1igqIh9E0KWsfoG7SsXxNMtTY6+hafJMUSVDabRTZ8=","4IIAzXLagWDznQXyx2SjPs5rky6Are6vT6pBd1wnZss=","298XoUjfTAsNaiOSnKYGLdjuqGRsLOijN1USqP8c0qo=","aAzp+2Nzc6MRKzem/iEXKWuJPJfY7ME5VHYbiaRMvv4=","lsKQZ95zgglVACrGBwbNfkO43eNwFuJZGILFZP1kTL4=","4RX6h0V5K1H0p8RurciM+DohqUYGyY/Hg6GtZ0Ff2ys=","AcRg5X6zkavaWHuZd8sIYj6/FhnvBtmxDFE0vXJChZI="],"block_size":4096,"path":"aria.js"},{"block_hashes":["hznLZgb3ARWmccjjR8SjudedyjFxDB9Vq88hm6CBdwA="],"block_size":4096,"path":"aria.js.LICENSE.txt"},{"block_hashes":["yHuF0GhuN/bL0ZK/dfEmDdgzRT9xIKaIRP3fXmgbsU0="],"block_size":4096,"path":"b2ad8477497f8fc95224.svg"},{"block_hashes":["+uf/zfKnrIZPYnaaiPfc813LllnSfRPdqebScA4O2lU=","TkYtVEGX3Z3yJc5s27RstRg+iG6VwYMaIFTID/4EUC0=","ko56aui2fB3uivaJxiR1G9KesGN3wMB6QNhAZexvEtc=","5wJgS91qJJInQP9sGA1S8SljNdLKuogAYXg2NNPNBoU=","kEG7kr8x1P79ffz5cT30j4dEXn/14FEssqb4Yu9xrFA=","dcFMKvA9MO9QQNBIg2TlivYx7HNXGuwrTvX/TK9oDrk=","6RcnQnJaUd7aVUKVZrskLU1YzvhN8BVl0Hjvk3GfEmQ=","QXoDulyHRDsUeF1YXJHm3GJW7wxblBWBVTD82n499j0=","V6jBSZM04yj1Uj1drCqn83TyF0RvJlMCq3r7QpZJK1o=","+LSjBWDlTE+J3sWklxzfWnvxrR2XnEUZ+x0KOEVogIA=","VAMH6w72B4y3FKo4wrGaRqRSKo6wJUJYnM9Rdf51fIk=","chAqMgBXhSGSUgqrFt5XYU7VefCwxxgLRkNFxXFnzZI=","6VhVAtCCb9+mvVE9qXQgTdhQGdPfPJ6Sfh6CnT4H1Ms=","NgA9GlnVN+UAb1QnfGVC+tF5z3gp7tzNe+adI9YBVUU=","2M498zAVwc7jXiq8KwNwLVK2BAcUoEKn7VpFtEAiZd4=","HXyy+30fYqALO2Sc+BdyK7u1HhMYVBWQDw4MKoHCUGg=","SurWzpFmDqKuEL7v+7+T2crft2Zu41HulNUs2rbDEio=","qNK9OywAA8Fss1utwpL+utYyITcALSXxD+AigGMwOhE=","f47HjOoePPb54J9+7/xbu9C3BhCbMeQRYECliIYKysM="],"block_size":4096,"path":"ba5622550ada9b5ff2cd.ttf"},{"block_hashes":["kJWb/llOs2z0PUTFO9ERfOCPBaqRl+pJUwXuUcFw8j8=","lMi9+dEM/BYWskildoXAitF+ACegtYDI+BYcYo+bsaM=","8NzAvQCbFgEDJlOlbC1zxn2GE69zYCvQ4M+H8fctVDo=","96xkGXHryengcPQ+T+QI1XLfMXu/FjbSWgp4TG6i2HM=","p/k6pEm+wu4HN0sxOuVIfcs2TGg2F7pZgzqhYju10to=","xmts9hGDYzLfe3kBBrGyjIQAK81Za0ejAVDSEXIcwtg=","x/PzaCvuFIlvliWkYycvwJ28OkJsiuCmsN2O6jk+lko=","CVjjBMrsfLt79t0lDIGzT6FT7U4A9GO0KTDMz05v4Ho=","PFRei0iYzUgXM1OA2pE9xZydyG76wwcqrlh42ZldkYc=","aSYqNZo8ubaaNtXMuh8Y6yV6+Wh/GgYdbxZpysUplqA=","2wdMBJqibv/OuBgTC5h58FzgOz9nq+V8luHdvrcL1Kk=","JzZZjAB8A95izzzkVGdQo5gXKd0201/qpftpaaD8ORw=","qD6PAJz8hNTdGAt3kIWx/BN2FppdYM6kD6UKgsj51RY=","0St6Dd+dtCf4pY0x06f9OYVdipBi0m2babYqaBOiyTM=","neamG9T0SoqFfDKhi/kKQq0lK1CNZPGM/LDw7SWDuWM=","p7hjz3dsnvWQJ4CDMsdwCGZkiUvFbyjNsrQmi0qTG2w=","kxKvC7ZxFZ41yEeP2d6A/vaq9LZqzl456fkZGhpDuic=","26lxBNNsVYGhxGLAFeM3YPIslgqOEBboLbeb91mrCnM=","A15u3r20fI6gRhkEBa17rW/qkJa7lT3k15Cif20UFY0=","MQJaCUYXrJritoAPBuARyTNzL46juKHiMnCZlbSk4v0=","o+fMK3Q/wH077uuOzXexotKCLhxrLPdEK3tlKKtRg80=","2BPHYvUwdEhvPNz/KqlxDb7uxnk+XPUsgi7XxFfj/0I=","X05UXrKDDqfsh5AzpOLay7YKHtUE/stpB9Qjdd77/QE=","d8Rr21cg6JQs1MdqL9PbFdjNxVoUfoQddQ4W1zvMRF0=","ix+iqzWwHpax4hzCNoHfqDxE27IXm10FdU7u3mIAvRU=","BXnXlc9wsolvgQZnoT3kD0adybnUXULwI1Axcw6dNx0=","fGUZWWUznsDpSACDV6XgGRZd7MeONKYBmhg0RjdZn4g=","Sh5iNo2m5byS4q6EZgCijoRHXsRUNnZplSTbYE2QdHk=","cSKkmc+9wXnw3v/UQwkxlnuZF/zMFqllbll0OhA6SLU=","Ub4NPUu92lXD/HQjlksr7CkODH7P1jHPEv31UGuV5T0=","C+ykUMT7Bjt5LAF16o0bK73sx+6JgazHj0yQ78EABPs=","sNL/vL1MPBG53tNixOaqEGjYscX5ZvRsx+jfWMkaSxw=","ZOcdQsH/qksh7axJUJWQ1LeRUocr6viXGHGEkC4eznM=","U7ytasbRG2d98fZK+3lPZ+yzuBOMI3EltOp3A2tc2Lc=","4kdt0sh1LZmWtV9JHrGQbuY1bGGHOs4eh7s2qEJDD20=","a/jlo5V0+CpcUy3RV5PSM4U0eIMlSMgKWK9HqcTeRYg=","Of9DYH4OsbuMeRaLaLjjjulvn6oM47BDCq5Je8uu28Y=","tI4xsATTCyiFW3tDqwMybJlD7yfd7eHRX+JF4/k4Loo=","bRAjjszifDpAfFTKmGid2n880lnh7obuNTOLbcpxFDI=","Fhl3CECBchzGVvKPjmAmNHS+6orbkr/MHMgSkuAHDEs=","cA+WOaDpSodlLQrgzPjnIRYglu8VMrHkl//amgm5kdg=","URHo9mqMBzvuW/+Upkz01zlU3ziFccoQnOo+FCy4MTU=","vXX8WGvytMiTt9nkqG3F5wtzND0WpT0WEy24W0+CjMU=","fwdC5zhvwu5bbk9A3e7orx00jAnDNMZDacPcGBeWncU=","jcVymdBKk5+Qo3pkXCWoYsOOkXg5PV8tcYeUZzac+6s=","YjJh800VkG9/te2qvEV7os9KD58SY/JZ7kxgwocK0ao=","1jQawYiGK0MlpMEBuVngrLhfnJDVxzgtF7yvCN1Mv+o=","XJl/BHQluxgcJrKctfVHOeL7esR8c1vc4aqLLNSTuX4=","7JzN91oqmiLX70bqZrB6lHx983l909dalr3IJtKRVp0=","uYbYqlu76V++oN1sii70SLmr/suPABC+j/EZBSuQuAY=","dJB2gw+uQwwUa807saqJlSQG+yYx/tAelaBLoa9/84c=","RdfrCwGSaWR/qHny50ZN9DUChgaynXF0Hp+RS5epZjs=","VFByYf7c3Lmi8bRqFGwwstN1yKvSomifcGXWrY6hJv8=","9eCgrJU/uxNCol0XC79dn4GpFVZO0MWL3NXVn4JnnmY=","um2w2KkqTrpo0SUS1i3DiOrW5t5FWQve9k6LVfdCMQY=","Eubn/C4rtih8FLsQhEht9t9ySzH/jxYSBSmLz9ohavY=","Gck1Royh3RqD9pOAKkwXeBjTpzmXRgtcXzZFfMMyOI4=","N0XKv9bxdEOFeKAc5PRHokkfnAynn85itiEwZynQ45M=","9RLkP68gP2o0rbZAmNkmyucWKa4gLmp4KvB9XYoTfbo=","gcDU6mHSnlnKH14ewkXl4W2+wM274tesbWZDbY7eruI=","88rzk46xexR6F8HiCEjVFlDhqoQerM3tq5jfiMdYFfk=","ivE/vHWkKxiz8Cghukr1MZa0IX1fuGy9cR7nf6KKTJ4=","1NdPyd2bGVNtEwuRWgSuWmUG8Hz5npEgsFuUn4fLBqc=","NBcjXTkbv1ecK5N33jM5i38ff5fck2x8mFVg4I2tpCY=","xqlp1mlmBt9MQRRD5bpN4BM7I2HAjLi4UJ6OKzFUf1s=","uD9pKqrRdUef3F1AIK7wbSV0MeHoXPka5R1zJK6+7Jc=","eqeEv90KfFQkI+qiLC7E9//KLOyihgAUSgrsmaZEWv0=","74LxHCvWQgUNsMaABZh8e0PsyiCQWwyh9GkkUOpkNOs=","sJSKJlD6WbnV0ieOdcxX3kuzYHZUmfo+ao+OPPr8wqM=","zjiq4TBGQQAeQAdJpkS0LIhFDIzKJo27O8hJmuC4cfw=","3rHv/EnZhmlKwIt6Or6li7HbeWAQ2wSDluwzEm/NJV8=","tXYhY/YW0apJ7PTSpKkNVrhM9kDSk/PnBzzgBmzVUOo=","I83X4mWjPLh7sV/jhtnSKKbpOHZbdOyLxKXBDoufZuY=","Fjt5nfvZ6cPlLEhj8XTERU+wjG84VHPlaQNlaQFSXOk=","e5gU7GIpDD/AYXtyUfzLTxJytvkYWfDN8uhyv5XjhMw=","GsxblSXBYl1/5w9nbyZkaz5du1kU1xWRkPGTYcP3p08=","/VMVBP+XY4LVzvT3s1wdcf2ZSIOyZ5QkItlv7fp0Aak=","38aLR+1Un/7CHRQmqWqUigAXNyYVQ+oVCym/ZD9ozMY=","amcQERdarfpOOlQwvmY4m2dWzxBpMgYca6Vrl1TrCtc=","hURamw9Nn9Wj/c7sBZZReTB+kzWAs13POGMqSFy/CFI=","ObfV8q7AlKWnYDxBNsE/kxnVCBZspzPin1A3k+7spF8=","LW4FEVDziwUlbKCHpK6V8vg0snRbCtSSdkoszPyvBko=","6N6TA0/D5suXyoeEMDig3K3wet3HQ7JgcH3ppCz52w0=","V5TlltZR4PMdmDWay/dINQKtoKz+OgPZsqGZEh6Pdcs=","cUyDAAS5+OknxfqK4oP6mxLblBK8mfTXIKOGPGvHwQ0=","UfVuGr758YzmDJsBMDLRHOjSqmKXlOIk+0y2ZY6ymAo=","cAbnZaqdOaxkzfj08G0Ju3qnPDIK9tsclhyWdtZB2uw=","ie0xiiQpZ43Aug3KtDD7TjqLCcI/pmqJFpop2f5hBxE=","H7+LwXdP3BJ5MWCv78owRtzpE1jk3dhkcktE0/f096k=","ottbuqF0zBvI1An2Q1fsnSX2otGDbwChM++KVp9iqag=","U2+Syvq03NG9K2u3tZ/j6qlfidKE9i0nao/UsEGYT5Q=","afstM6eEZGwXPZY1F3ZvflxFKTpq5qpkvfaeEZIkvB0=","ZlE/Zv1BU+5nRhm+/nhGen/EgYrcFjxVKsv8XUfRjzE=","k9gLfIHdzqLaAqVb6boCIRaOnJdYbKbhWcnmN99i8+s=","Q8jmaM+kDkciLMnT5YnU93n+pD6rf1En+FLkeOIutcA=","68nSIxDACR/0W3HxEWZFL8OTQFwPTGIxPPwM1uxI06E=","8a2EwiWBJXcIKp6HJKVcQvUakP6Y3eZBmmDjSVKX7Nw=","jLIBimMrGyGI+m0vcMgaksWFNB6YMotuEx97TE40/BQ=","jn3ZazGoCUhNOfhfZcQFr8oqW3h3C3X+dYqlzGvxpH0=","dcy8M4eCDvaKKIlv+HC8uYXYj7DLEdCXjg+ifLUKJMQ=","0BX+fncM9nzR+Zn5YJ1+fkSZ3MkBRhMRx6GcoaAUD0I=","iyR7CTIpMuaKrIPmU8FtZt6YcTD0jSw+5nhHkWVfPjI=","xo5YIlDEwOGMs8a4IURZOFDk7tUpQNiZ5kFRSpBzRH4=","TFkdeHu+joh3yW9H/3zabx8lwN25D4dgtLJrFOccYeg=","/OaXCga+AqD6fyOJfqyOGw34yL4P5Y6IE8KQW5O/BTs=","JqjR73c0OfwGOcP4n+Ihn7hlvWEcTcLlwO2kLB8nlpc=","ctc5XHtauhvKncg8a7V1MPzlKlre2nyS6xTZ6qUrWfo=","ja4DEbMOSQs3k84aG51xGoc3tEchWdOtbmJwLAi9570="],"block_size":4096,"path":"background_worker.js"},{"block_hashes":["6AgBB4w1t/6aGJ9rf+UvMhy7xAd8+qxr1j0SdXPJE4E="],"block_size":4096,"path":"background_worker.js.LICENSE.txt"},{"block_hashes":["gHyQBnvPL4gU0/H0tSh5xjwpiVVD94LU1pKXoVoxk3g="],"block_size":4096,"path":"bb5bab09afdd42e97c18.svg"},{"block_hashes":["z0HeaQBaK4z6CzGSjp4vONOUaAIQpKcwt6+iWYEWLts=","EwW9vkyr/3RaYra+3dsCxiKO+gX6YyCpyfvlfSXZSxk=","m5FIzpisoBFKdQjkek7u900tmibZ1kM2fgfPZM6DK7c=","knHaRrTPmOc+X4HCqHztOw//87N/m6C24rCDRezp3Ag=","Yubl6lsr1lFKmbucI8un6sqnyKttL8CLJzTjUBL0mAc=","c2YgDsyhl3J3cNLmylVEWSvpHdxlwmttazBztTYAI3Q=","SKcYuee7t1BVm2wU6bfKEjjEU7hhucCeFau+maLpUHI=","o5+oTsgQr0NvlrHxhBlYHFxEX16wjMjsRzYjic0MSp0=","Ne1TqLTYHE5PXkLhmBZRdPEEG3FRnQhZtTaKbmRqgx0=","P/3aHmaXkum94ceNKUIB/Q9HLL9SF6K/igue/fuQa9U=","ucxC7XoBzG9R93GEaifo6O8sE4xMPm1/bEj0vMWTQwg=","IgtZzMi2tEouaRUs8UMebcMNgRT27Nc1pM7WepN9+gk=","3kgNLqP83xlvj5qNNbT07Q4OKrHVDm47P8KuxPvc+l8=","6F8fXgkJUCWIO4qVs7YXswFJPm9BQ2U4WP7KcMAoEyE=","nIvxGrt8owVDOUF5l9sWRxZLmtTVad02AnAPDR//qAU=","cI23jFC8TiUHb2j43Knzea0xN37aArHoJwcrjWfSw/M=","9dybGCC7zBwLSOYqRD320BylUa59D3oYZs3YZgf8rvY=","N9WIFzvNIXV4bz1mon8tkf0NAIWwUWo57tmI/QzXrWg=","Z/Oh7zlkkLtPORX9ZTMLAwOJZ8tfWydCa0DZU3xZjI4=","u43t0NPyxuNB4sK3QmNYCtUJqN+/7PxbIR/Vdg7WGpM=","GqHt/J9kucCmhU1OG6T5vxQWJe+6Pm6k5lqn86M3TEY=","3LwsX7P2QPGPI/9Q1qPzUD1ZV3oPqbE8tVpHKTGY5lY=","jVoI/LM7K27Qb0splpmI0oAdRrApTu16W0n9oIP47Xk=","SvUUTVqbImoxRe3YfdTn+369QKPqetFOyGU6tTv/Ep4=","QkSxNGbtwJs1xKQDpkp+Aa+dCRCkldU+HSr3xLyCRiY=","uXR6ffspVIUUC0h0F64o0HDSd1FsTfJidL1zHStbqkA="],"block_size":4096,"path":"c1256a1c124e69d483c6.png"},{"block_hashes":["rlrxjfUOaf1PqZzbMuQZJSTG7EkeHaWmSW1bs1uzO5o="],"block_size":4096,"path":"d0877e5dff306fe97ec6.svg"},{"block_hashes":["Ez3wzetE7s1jgfP5fH7ay6mVbZrm3hkC98WpiLno8SM="],"block_size":4096,"path":"d7a6c05a1e25e642f6ab.svg"},{"block_hashes":["Htvj+h4x7AB2F6Hq52DLf7PGjE3H7KwLtjUIh2PVHD4="],"block_size":4096,"path":"e357c7e21fb8a2224b04.svg"},{"block_hashes":["OmgGBO49YvZdI4COseCzrfk9nJ/03JoU1JiYckMuRIs=","2KodaqDPgx0IoIgmNhorZbOVpZlD4yKn1tyn8prinM8=","MLWvDukntUF2zabGEp2hnywiCuh2Nc6kD+xrq6FkJFo=","51nWTwXj9Va57GvHukUz9go7sxUMQN8c7XynUMGsMNA=","we/9AVX5rNMtZD4xcpHPiQm0PPbF+HJWdWPYmWm7Fks=","aDRu9csG17oOL0s0Gpx1E1Z7VfOGHRXKxh5v/JNEm1U=","1Z8EpJbhVCWgh8S3aPZc8HUPHR2txcI/AXcqA7M7toY=","5QbGmI+ojigIM49tqh8vAAOfB3qnhRLed0VTZI44+k8=","PaVBlsXpjwJ45+FhhoYWgeRFpuwlFLpfev3fGfFDlD0=","8/ZfO//CMC5OV3fHirNyDDCM9kyPgwK+9Q6xAHsDXM8=","vNpqW29LyZRb8vPQei0v52Ut/4Wr6tOTTUhet9VYi2g=","3rxa4kniUIjx/PfAN+ENxwXitCtyOH/6lGmxTNVnoIs=","3F34nNC08JFkGxBeLSZ/HSAG574OkVvSacErVxjkWEE=","lIF7Uwut9luIyJtvQkbhKbWhKUjYtqRsO6yTw87tB08=","Qpkf2r4XFvkoRnTngIdvXjcOJg8IdLHfsBQqVP2SgwM=","IpdKBk7r42Ph3myjO82TWJgqbAJPYuv0/AEDwRuiwQI=","+lRyb82EuJpZeDcPk4giiFi+48Sf8xEtnvY+QJvCWOM=","yU6ZTcuTKTP61GZOrvvIwJrHa/QNSvPS+QfLP1XtWAA=","vwAbwDmwOZ8wPZEdy7nY8paTR8bvFoa8siuCa3W8ktg=","Tr5CdTagEOuWHuWW9TU/1awxtXR3/E/i20FqlCNkSuI=","fsv54gky41jGHu6T6cb/n7iXBQsfKc+Uyv6YgSqmAz8=","ZFHC7+9xmjmkjrb2XoRFZgzBDB7NNfsifGujdtuiwF8=","ch9D57LBedPOVjz+7gMxwTjjkPOPAuRra9yXld3S7pg=","caW+PR429Xo/9vPDrerNSmX71hKTOalk7P+yQ2ke2rQ=","3xrjHY9pZL3j1LKGshiQVKvaIJx8G+nQnSTywJZPawg=","ebwvsIlwnAaxTQX3xHD70NphsHBjF/J4aL9K3LhbvL0=","evYGk/wr0zQIxUMJk21hl+GrE/jUYC2LDU0UGyxYPnI=","Ob7p2JfIEZFRbFUh36VJAa3V/V45/SxcjsVP4rFHiUg=","QyvEEqMOY3em9mJE6o0DloSJ2j3vxo2IYcFOASsBvgY=","qQgp2gMnlpL5Ew3UIKv83bAmir+Loodk00a5RDBivxw=","MdG2sXMa4MIkA79vJViJywl5obPsMFBjhjAw0f1s+qA=","zXZtlzmJj5AiPrjAaNFAF1ZWIjTbdWoFsHDW0Ro2ACI=","K/7LIOcXfIb5BI9g1HC0eC+r04dTi/svM4Mqt1jfXcE=","GFyMYiutobXxsoIzmOQ0X8PuXYEhaXb9D7dfKYDIRJs=","4f08WU9lgmuw5Ed2PyWmMm7snX0mNT6QGAZS9sPeK80=","3ObN3OooEI/bMyHTZCvQJgueZ75hoWY10/GyOgNBrgQ=","HvSsZbu0WBRvwbC0c10DJO7fkDx40dsKlGQvP9Tee50=","FfapIJ6eGPfX0CJuffP1IGQBw5AlLgGG+9CzCsIEHt4=","JvI6CpsYhRW/6JzpPH6Tyjtbykscm6pKfjjGacF6u3A=","0l+FWf7jAQwsZ3KPlGr7qixiZphLHpOs8WOSOpdCEUc=","NQB4OKoA9AZ5NyqkO3kE4tzW5TQLVFfDDVuAWn5/NF4=","dfBes18M1HvFEu2PXJiEs9f6Y/H0ceU+y7GRHc70Ep4=","HtbpJxXE6FK9buCi5Dsb7l89RycuK35pgYFVRp+oA3I=","XUeBAexlxAis1G5/05L1JwfvB4mp9ztNJFQQVr+SCBY=","DYweC4+HYaod+jUJQP51c3HWTLukANCnROaywMtkri4=","35WocueRbYwGERVsEnYvQfl3Zw/Oxyk6AY0Sc0O0C74=","IEuxHIxyxLvMZn9GhvUrAtavO2dThfMRPwJTfHdNgWk=","S4CiMPSK2RVemadYl3LUiIw3qzkWQAm6csyV4UhBFLk=","5TKgDRyteJBrWvQR+2ombYia6/KmaxMAzClNAD7kIIQ=","xzyNnZyYOYk+yAQXPiTCnI8AKHVnNR5BC5O/1OHhJPw=","6COoUBftZk9mAxlVM4/U3E2ilZnJSZ4MKG8Q4aeHju0=","s0ysxWQ+eZOxIpkMhRniJ6ChcNvq+WU6dTeHtxXzsSs=","gTY9c42/ssI8M75ZwGJycdXnkKf48inmTlc7gPvQXXU=","rvtuVckPA5Om2BoGeO3Ao2weWLGRdlK/q9KymrCx/80=","wSBmCVMZFRJgwW+vjsBmRrFqSD/30Y83ayXyuYcB6RQ=","Nn91a5N/qD1SPFw2kK9lwRzFlnLKqe/v5MI/ubBuZjI=","GfBm5vuUFfixqR15ZH5Ljs2GmCMPCF7j7cgNu7Gc1+I=","JeP4Wm9jasgDFePs+gwbm/qydZjC2loTnBFcTgzoezw=","StnwdtU2vfC6MsSz8TMVnMCXj3XZUz6QgEMDoERB8AU=","jpKXz1RQuHJv8Eqpa8SB36l0h1JZ8qchPHJ7d8cFVFI=","K+eq3UkHzcjXr7i8k5MXl6nqfBt9B0lyvftxwfFwEbM=","e/7HH40Ju3vPSomxOFedRGPYMNJDnpT7Mb9LXQRWzUk=","d6ILv3uuA6IPrjsBG12dUEOybLSbST4zgHBgzZzGq3A=","Yps7i+jkhk2ygkHfXXNmjvFDSzR9VzWycfDLZ5RPNs8=","oO7iZ5RNo0cviFE73y3JMx9LF+WxzTAQOs+UcE9wO6M=","YC7kpeuCrg2nNiTBNs7j9fjRfA9m7t0Z/OU8VY9/bf0=","6HehfIq0Nfy6Wf9XLwNLJULTmxiXshbkoOADzUmOyBQ=","OYCb/JJm1blMLKurzaIfWaaTuzPZ9mf4Hl1sclwOktM=","8iG3JpUFMYZNaY4QsTRprqhDJGbClXcG0S3N5rBJTZo=","rjKslWZ34kRD63unB20p6mb5S/9RQgJMUHcp1EGbOR0=","ih3OFMmLv1MfX5eRUelzZVYKzbw4hy/sX69fve4zNy0=","2/sdVoIlqijw5xNMefhRcGOqV6+msthApHnKrZFGPqI=","avwWgkCfFfZ7SN7fzUqy8nWI4rRkFkDKNXHqJA6cc4g=","Zs4RXARzt29basZ1SzXrbYF5egXS9yVSHMXMHe2RV7I=","iEeQIRHmC6CpDUGSNe218rYsUjYPbf6NJoxcVN+4Ptw=","qJksDCThzzQIfS8mvj+yuIHsoEq0M7MiUkb9vpV7OlY=","aeDnG0f0XxuM27Enfc/PEYTaaZpTFC8MpW9MFX893dA=","sk2/PU7PGkHUgwUfKx2yaChx7CbBo1DygMEqUUiJ830=","CvMN0KcOjOUgR0fIyR/q2P46kakHOgcnBU5q+GPsBlw=","r+tbzOMJroiEa6zLa3wxMCdVPFnpy9bdZJhDA+NdPO8=","Ta3tRZqFykmCrOqKZ3ElnqRbmv2bins4FupHhQwlHlk=","1FtPEQkP+JwaNJ8f+U2Ue3yOcTB0Dno2rMlfvdepC8Y=","SlqUNHOIu7QleQJ/8RKo69GEyqiJ1VQ5UI6UeII0CGw=","J5T8NudOesS8SUjQMjOq75ivRkTt2A3/aEckSwUPTgA=","AZxqSq/wNPuxCKMxSU8o/FAREdHgdl8er0auXZqDhEA=","k9T8qvGsYlKojaegq3nVTI9qNThU1KqqGEHBOj67uyI=","DFLXVXvxJHOwegP4tSrGw5orzZPNqgFHMhXQrusps/M=","9l84G6geZpCoUSBZ/g8lsOhK26E+nU3NAS97XDG8xcM=","KkQlx4JmH09CbM2dmQkI+lHDQICs+7Cu70OAj4KCrPo=","ifpCfvk6PAmGZz9X9fiypqVx9R5s9a8HLyHQAENrvJY=","0wSOLa+Una0gkeZTOIFVKVYxT1Fkx11kZyMM19tT6ms=","7kxXFGqD6J/R0sm+a3hrG5qK6/XgoW4q8IT0jItF6lw=","GMXwgFrED5oYQIWjaYkVBRDxn1zU4FER48HIlwvsl3M=","lJvhlqxf1q3qDHUhLsysPHEXKCUe4loBZ1CoKw5TVj4=","RCAGa+0VZ0WRxpGze3KnrQlclEGZFz8iRw+F0Z9bL4U=","vGZk9CVSfDdOowijvVgs8JroDrViXEr8MhrZZiqnnPI=","T+iBUe0przR6zuJBdK37XWhDmyXiC8ogjeUDVaSHUNk=","L6zW9GiPud7toE+hUd9K8iEZJ2CDXBYRnUlfxfg0Rrk=","sMwlp/piu4JN/ePwVhACBCVYqcyW7uszrFSutExYEm4=","1bg7k6Mq6PZSEkWkiVokvVIb53rHkqAh5QD0sh+6NI4=","fteqxwcl14GsCeFLORWyyX3SmH2ErnIH18QaRnuOeRk=","/ZvlVPXozbBR4vTVo00PcbiPCz4Vlv36iYgbbX6BpQo=","dSSWX6+fzivdTX6vh4BsiVQ62CRZC4loB/J7E4uygeY=","sRmu8ouwXrBLPKZIRTHk6Vb6BoNiAqB5Q/zPumCh+eQ=","jkgC5kPuYLMbMoK1B9dB3zJd/PZNRcGwwWen7BPV0rE=","SiRC12mn6qN7knQKp6lozchdPUjs8ldpMN3cp0ERXLk=","UHI9TYLM65ue5Cm+BKWpnqW+XH8WCgbsA7YX7WCygHs="],"block_size":4096,"path":"e563de5c65c7d63f04e7.ttf"},{"block_hashes":["3QIAbeXn9GlxtjeTCsv7+SdX0yx46qIlP4/AKibYSnY="],"block_size":4096,"path":"e5dc591367f544aac02d.svg"},{"block_hashes":["5qvG18XhSFKBeJAI8WZnY/bs3MygO59+KhtIzCiAK6w="],"block_size":4096,"path":"f192f471a1a8ea34754a.svg"},{"block_hashes":["PAF/KI1pVohsA5oZjXzGKFjP5WCX3iRyzGzEg+59vPo="],"block_size":4096,"path":"icons/128/icon_128_black copy.png"},{"block_hashes":["nO90EmtMpZSO4PT6ONSVxcjc/loEz2xidtJbYMCENs0="],"block_size":4096,"path":"icons/128/icon_128_white copy.png"},{"block_hashes":["cU6JqvXOhwVBarbEz0QOFGu1JlzSSwL5cIeuRpwY7NI="],"block_size":4096,"path":"icons/32/icon_32_black copy.png"},{"block_hashes":["tOCRhHymxYVaxodLa18H2+ULklBvRgk2dXN+jPhLkZU="],"block_size":4096,"path":"icons/32/icon_32_white copy.png"},{"block_hashes":["KIxZ4sR4fBWK1uWwsSyo5LG1doDpH6ER32zG+xLwKs0=","HyGT2SahsFbEqJQSY1PQ+KkNnPg0qCGL86XT8Toxhzc="],"block_size":4096,"path":"icons/512/icon_512_white.png"},{"block_hashes":["Oj+LT6iSN0V+qrWshE6rh9hJJ+PSaNDuKxbvDNa24qk="],"block_size":4096,"path":"prompt.html"},{"block_hashes":["L42AZBtlAcpywMxdKFV3OVJXKUewz1uoKr0468r4/Mc=","yEajhyDAYersbiaDrw/9+tG7m8PjQauDmFKMG9QPiI8=","5k8PZ6oS7pAlsQrLQljRB7qTZ4lNJ9vyeOSlUo2/ItQ=","JXAPR7gO5mfSNY72hX3aloWsUXmzTMEThcGRWVBZWH8=","qleEMZXCNgge30bNHkGli/wBx5nEDGD1eOHGkkkPwDE=","RR+5smB2BDA0tXpJUklPhGBYRH4wUNMZpYNI7JxL0mU=","W4nIHD1iYELMMIIFXTZS3D92JrJFw7XwmpcfwcTMg2s=","WMaJwtUxY8INjOLup+pmP+h1Btm2Kq513HljUi6CHfY=","RZDdfU3bQxWwHtNbB1Fu5061XF9nBFDyWoo39K0LTBo=","HZWyXIAxb+NLR972FjE/cKTa1VqRA6hpLPtGbRRIiYo=","eF2LBus0U/uA4KjIvU90A6k5P/mHN52v4P95GMnksHY=","r3iWPK/DnAYQFcHDfc9uawwBz0vbzhmmXWoF9nDeHwY=","8AlQWloLG3Ml6abnIB7JPakXevXct1CgP7YPHooTn60=","wvnPofsXC/qnQgDifUfzjv9gnPQdwlAB6Gnzj2b9vzA=","NP2kVOP29ysLnv8PSH4NRQIv1iXM/JkhTlesQhVo7xU=","USY+KkzTzDu0p2cnNX0VRwhSnf5G21lsXvCDShIemzY=","dtNIKNbCjiEm5es/VwTtyfbLTpT6zTKcdR+Lmry/vHo=","xVmxyYudv12OJFjn5XN6EQYjuQTYDOdMTAYtTwkcYsQ=","yz/bcv3mMQVbojOvb+qA/6sbYDw/UtrxeA0SpTCax5c=","/AeWrWugNIk9BcENiIxRts4fKLfDxlzbmspZ0NTJjh0=","YjpFfTkEcs8Zbm1CRiVPFq6qdslkQ1aZVPRJHUYb1uY=","XSlAtvjzuB2ISMP+j4Vj5B0gNYIJI33qFkp80kjxigg=","+2lSLmDpK+B1Y6v1N6ym2SoA1pOYEcDQ7LouLWwGTzg=","P/EkorlPJva9tso3S+SrH20MzQJDQJHVPbfzXN2f2dI=","gva++67r5eN2c8ukogBmid7Pe+zkuo7O7gCH/117474=","ElNZ89ggMJnWlg71TQJCnwukF65w3YMankr5jlFXfJ0=","q4Z3ILPwaagzmIKu91OXdfYz521WCGDZ+nS2OLP/7m8=","aFrcuwQ5mZwtr5hsqFJoPSzgruzM70qNzEMnrPkLABE=","wLusmBYQPkk64vBRNmzgDyZpJx3N8C04lSjdvkD+Hig=","oPRLaC/ELQXyC3MQ0BmppytbaY63wZdEo8YN1Az7Ig0=","iWjF3hmkrZfO5YqE8v2KLuSE7lLAwbvsxrE6RDJn/iM=","Aaw9EKgEiA3oyglPFys+v+QFGwYYEiAlgv6VkqfhasI=","lgO6P4/oHANiqlTGmNKKvj+F9mwVxZ2O6ec3ph0h4iM=","dBHzjZB9T/xlB1Fjh0Aj+6UPn0TyqSvo0A13YLEVA4M=","H2QHwjSaObnRgNsKTLJG0DU+/HmazJdI3HWQmljTBiM=","op2BqLNxSxgZ2T/D24Pk+TUUkqI0/3QTDVBGnYtt9tQ=","WMM33U8WUg5JAkHrb/piIPQPuux6VWnYm6vGK1ZxZJE=","bV1TnOjRVoqRFt4YCOLDuMxzpigbFc4fm4gmwrPJtxg=","ssuArGGAP00Y/g8IQH7VuhQs7jmyLTe1sHEDTUPy85s=","NeI102X4sKBkP/aIIotTUOweu8rF7W3rh3Nvmu5Nsyg=","VVhzMOoNxTQ+HUKmyuCpX0ZEIhyP2gpZF+RO/zdKrkQ=","6mVPMvNSgSLT38CPU/Ns0RQp982ss1zECc+AsqFVJe0=","afnYWoMsZvXkt9KdWcrwPMIknqJQ3+44HsgKNi7PqCs=","u/R8XOXyOMcZ0aZhFiTqQQ2J5oxYNXzrF0lzKIdLZkk=","i3Hv8A7LwzSUpRCbZ5ibi0SiVcW7HDdJleQpTI1435I=","ThBLD8Iwp0l4ASQFBXtCcTD9u4wDb7AbGiCAHi9AYU8=","sF8x6+Rrd+fQ8INw560X5KB7dAM3cybEfKaXTjoOr2g=","mWbWwegyrsIxPZviPd6lD83HF6rBoTD+QS+Li62X7As=","ClsFt3nqnmf+0hJG2X2KzlE6wPqG9vKsxDXHwi6v+rE=","TqW58dJSLktBOhudMpOuQCkarGkpucZceXuu2EYKx/E=","fLzspH9SglSVnEdCn7LgtJWeFgD2cEpM2/nhlHLomws=","/pkbmKrB5slvUyJVg9/PXtT2tAN6Ag8+ss2Cd7EfbX0="],"block_size":4096,"path":"prompt.js"},{"block_hashes":["kcexrushXLVx9xLy9kKTRkg/y8s04kRgYpjwS34B/+U="],"block_size":4096,"path":"prompt.js.LICENSE.txt"}],"version":2}