{"file_hashes":[{"block_hashes":["PrPWSwQdQoFsNVPipKaZmNvPwvk4e6XdNkNyB/X+t1o="],"block_size":4096,"path":"_locales/be/messages.json"},{"block_hashes":["AVsJkFy/rhYC5QcJPfp6aef394rkmyNcYI5Ei//33nE=","I3DpIfxcwljyKMpvrDjpaSve+0NccNpe63hWs0l/07o=","adqfqd9ZP4bYsLZeh9reJm3jtqfl2X8L0EK7KON8DO4=","H552seENdEX+TiWCf6t39BabRonneiWwSivumTf9eVQ=","AFBcTRshtJ+vQSDvPnl0hRkuK2N/BtZBdZPBQj3iq8s="],"block_size":4096,"path":"changelog.txt"},{"block_hashes":["T3krGAN9cdW4a12ETaFyPl04tDV7jYykzRfNS/e6IiQ=","YcJ3xH+oI0KOfs5M30U9smpqzXc72t36O0SRKIQ+BAs="],"block_size":4096,"path":"config.xml"},{"block_hashes":["3hN5FfR6iObSrPudNs6M9Q2IgXI+LRLwuvPbC4f5cVM=","CNDlnz9ElgVnguEAWpPuFChfYc1atRN+7essH3G2+rc=","b5qeHuUGfwXLl1713t5uFFdBvOipm4zeeRPBXyu0TxI="],"block_size":4096,"path":"css/popup.css"},{"block_hashes":["Nx3GX20ISVypAo/92v1qf5SYshYYobr67984YM9dpBk=","JV2nnD9EUV8Am71roYWrg0k+6A3gIZlSSm4ed3sxEKU=","jmlDvFAiu8BEEejcPU0kOesh0IIGUb1+UNus7EJOHd0="],"block_size":4096,"path":"css/settings.css"},{"block_hashes":["9Ybyo5AoCRekV7vzeF43jD4nvvq5/di7pRZ30F4PYdE=","aDyfvBYDPm0D1UbNEDkKWZYt2lvh3pXhoY4OcJGcq4Y=","aPaq3GzfRuJmNGaGwlopKd6VRWddpPRjuifoRpJMJbU="],"block_size":4096,"path":"css/theme.css"},{"block_hashes":["BSBOZ4H2OCSgAHvB0VuaqiTy42L1Rp1ZHEuROykH1as="],"block_size":4096,"path":"descr.txt"},{"block_hashes":["muLDtSuwzxV80F449RsBDgBXH/L5KHc44H6/vxlZt9Y="],"block_size":4096,"path":"dictionary.html"},{"block_hashes":["KxZjjgl37l+pL7iCi6swdGKlT8XIO9Q/WKkglnv2cVA="],"block_size":4096,"path":"icons/disabled/icon-16.png"},{"block_hashes":["jfEptmbRFw88InF31R19nmM+XPLvuFRdzy3SjGIl6vI="],"block_size":4096,"path":"icons/disabled/icon-18.png"},{"block_hashes":["2rng+HRL5lKemciLM3y16oYbH5Bn+1gZ4k1LDj+UQMg="],"block_size":4096,"path":"icons/disabled/icon-18@2x.png"},{"block_hashes":["WJkUTENa0VdbrT+B31Owo//Q7nRS7nnDEjAmNjCp628="],"block_size":4096,"path":"icons/disabled/icon-19.png"},{"block_hashes":["O6wwxzevHsR5NqQQHsVqbeGjujJG5rhAcD2eQCds5D4="],"block_size":4096,"path":"icons/disabled/icon-19@2x.png"},{"block_hashes":["hmHacWlAkhxFzh/QXrhEB6aOLHQ6Nxz7d8Kx8b4C824="],"block_size":4096,"path":"icons/disabled/icon-20.png"},{"block_hashes":["JdEO6VyJkJZg0CZ8DE9pNJB/eZ4Kk2JmN7FlY/jeq38="],"block_size":4096,"path":"icons/disabled/icon-20@2x.png"},{"block_hashes":["51dRyashhfRonzCcNCd4jPr4LOpVV7bFaCghtIAz/7o="],"block_size":4096,"path":"icons/disabled/icon-48.png"},{"block_hashes":["6B+oB6tF1GKA9wMFL3ULoIa8ZNnKLw1o7bi0H3oLTcQ=","+a9HOeA6bFm9zMlsnZ6F7Px6Bh4Ju628GO2RJ3odI3k="],"block_size":4096,"path":"icons/disabled/icon-48@2x.png"},{"block_hashes":["YrxfRSJm6jAuSe6MV7IW4FlZgsuS5HKkgSAHUbvJPI4="],"block_size":4096,"path":"icons/disabled/icon-64.png"},{"block_hashes":["2vgs/4LZK2SUrrcdw9aHIXUBKLbK8cYoekOzhC69PPE=","2pWBJXHcQPi4w68V3qMKfbThhNpZxWz7luyaotU9eGc="],"block_size":4096,"path":"icons/disabled/icon-64@2x.png"},{"block_hashes":["LuP+oSMx0uAq0FpPRpfpQMPrvw0LoDH7H5N16SHD1O8="],"block_size":4096,"path":"icons/selection/icon-16.png"},{"block_hashes":["DyYSD0LB1C88mJf6E+JCd6VCdm5sdYdEMIYPjk6SYyY="],"block_size":4096,"path":"icons/selection/icon-18.png"},{"block_hashes":["awOlfosYAj40trJ3kaO3jiW3/h39UAd8up7EUdePY0A="],"block_size":4096,"path":"icons/selection/icon-18@2x.png"},{"block_hashes":["LaPNTrb4n0WoUBigOMDLyemdQWnMEA+j7gaXp2hs1W4="],"block_size":4096,"path":"icons/selection/icon-19.png"},{"block_hashes":["UlieO0UPh7IPSw3KF6sfBa+nDTBAf48MI3s1T+PEjEM="],"block_size":4096,"path":"icons/selection/icon-19@2x.png"},{"block_hashes":["MKB5WA/Opjeo+AXqf3ooFbCzIgPiQrBAAfZFopXQ+O4="],"block_size":4096,"path":"icons/selection/icon-20.png"},{"block_hashes":["9vw6xo/NUDE1IZyJNUowhuKOKaCR9bGkah2kp2IQnz8="],"block_size":4096,"path":"icons/selection/icon-20@2x.png"},{"block_hashes":["TCndnCF2WrLjjBYEZWxxKFmji1EGw6ZMx4QG9h8rSKQ="],"block_size":4096,"path":"icons/selection/icon-48.png"},{"block_hashes":["SAfrJMW9VlYVyRUo2WL0ThsXcNPPtA9737v+J6dWlZ8=","zAnYTI23uPtB3L0jZW7l7AO/jET7cd+9mxJVVhcpV1k="],"block_size":4096,"path":"icons/selection/icon-48@2x.png"},{"block_hashes":["+gBfwgG89biXB2/+/LXJQi32HTOCu2iXCaeoAblsBhQ="],"block_size":4096,"path":"icons/selection/icon-64.png"},{"block_hashes":["i6EoMMepeJg+8mj9xxkz1yLKr5adlPPy80vkMIoONrQ=","qZAhWiOQGkFkr0T8D6njSTS4pSYQz5qz3h8Ac4iSz9A="],"block_size":4096,"path":"icons/selection/icon-64@2x.png"},{"block_hashes":["FOTgO4LnTdJxoVBTfhP5bMUZyBpIaxwPBkN/hmR4obA="],"block_size":4096,"path":"img/buttons_left.png"},{"block_hashes":["/frhaLBcdmy/0I1IaVqvbI0dcBTad0mo4TH5/yD+HC4="],"block_size":4096,"path":"img/buttons_left_invert.png"},{"block_hashes":["muk9D6KjhBFnOrI1fqsjMjcfg/BzZBDmRcMbe0n61Rs="],"block_size":4096,"path":"img/buttons_right.png"},{"block_hashes":["z6pf4B7gR7iHhzk9urWEqqDUXWViI2Y53rOkMtnJbD0="],"block_size":4096,"path":"img/buttons_right_invert.png"},{"block_hashes":["JE0uYY4OJjyLXPNfB1MaJv5hKfAWFKfFkfJPq+i34S4="],"block_size":4096,"path":"img/copy.svg"},{"block_hashes":["rtXp187+QmWlOjvUDHqsvGnqiRuX7iyQH4b3CaoD52s="],"block_size":4096,"path":"img/copy_buttons.png"},{"block_hashes":["c4S08IZlXvuzvVfnmlIlPXqYs2iUKOpn/w0PZwjeSKY="],"block_size":4096,"path":"img/copy_disabled.svg"},{"block_hashes":["BWexZ8rNWe9iTN61rCDiYzObsXCbl6x1WkWOVu/0Xcs="],"block_size":4096,"path":"img/dictionary.svg"},{"block_hashes":["u76qmVsgXJAgCfBgL7rAWbYUloL3Lzvy9U8kApElYOE="],"block_size":4096,"path":"img/exchange_h.svg"},{"block_hashes":["v+31WKBLrsmH4sYrS3E4MRdMvXdPL27eujlujB/stdk="],"block_size":4096,"path":"img/exchange_h_dark.svg"},{"block_hashes":["pLYTnRuL3exrS+PUuVndTomS/Z3tjLjLe5ZnP4PU0Zw="],"block_size":4096,"path":"img/exchange_v _dark.svg"},{"block_hashes":["0VP5jp35rF0axVT6l/p4LSIk9uKRHl1OX6mdOp7vBU8="],"block_size":4096,"path":"img/exchange_v.svg"},{"block_hashes":["iwkFwaAqUeMlaMKEMJrDc4WVkmetrLtNW8dS+T6/wyQ="],"block_size":4096,"path":"img/fav_buttons.png"},{"block_hashes":["NryJZ7bnCY9y3pYbuDGSTvmOdDGPezsbeUTci65/oPw="],"block_size":4096,"path":"img/favourite.svg"},{"block_hashes":["awfK+82zwDDx5EFSxC3IooHUTs6oe9lAc27LZaso7kQ="],"block_size":4096,"path":"img/favourite_active.svg"},{"block_hashes":["QIwmUghoUcj4vzJ6VZWnoHTN1By3Au+0h77DZFI5Xf4="],"block_size":4096,"path":"img/favourite_disabled.svg"},{"block_hashes":["uUsRqwyBoz6MTfeaAdjR69G/mET2XMrJsrSuDGKzlOs="],"block_size":4096,"path":"img/maximize.gif"},{"block_hashes":["nxOVGdFUjMQzNNnhglKoy/4TDyNZR3fyaLcXzKtkRHw="],"block_size":4096,"path":"img/maximize.svg"},{"block_hashes":["11a2hA2N0W0EwkItldnMol1aui2V9jUSyCclclhwd/c="],"block_size":4096,"path":"img/mic_buttons.png"},{"block_hashes":["a1DEbta7TJQSAL0CinswIqiGoyvpypFk8fBGjRXcelE="],"block_size":4096,"path":"img/paste.svg"},{"block_hashes":["Kh8l/8AeNhz5vCfjO4W2clivCowU/74spNjlqcjqoyY="],"block_size":4096,"path":"img/paste_buttons.png"},{"block_hashes":["HG69mhjL7lxKlTYQxaD+nDKzqQBXOk9QvdxX+YvqU0o="],"block_size":4096,"path":"img/player.svg"},{"block_hashes":["kOhmPf10gEugqsoAdXcDSyj1JaKz+JYW6hcjf/k3e5c="],"block_size":4096,"path":"img/player_buttons.png"},{"block_hashes":["SwNdvH6BMz/uvsiL5NVJDRiE2l4N/bKrQSbjftYkRyk="],"block_size":4096,"path":"img/player_disabled.svg"},{"block_hashes":["kl02Y4btvIwpT5Ia1gdBZcCl3Eqog3ogK0pDhm7HuNg="],"block_size":4096,"path":"img/player_sound.svg"},{"block_hashes":["q5Lsla9IuJrpxSPYXcJ+afnp0oIbJXTZE3kWJkAQWHk="],"block_size":4096,"path":"img/resize.gif"},{"block_hashes":["McervAFVtEcnB8zShqBtTJZwfuEoqW0rcAX+uAdMSq8="],"block_size":4096,"path":"img/resize.svg"},{"block_hashes":["vtiIQi4iNCOe2u+HlP7my/i+MZXDdU1W7BX+MeSUWuA="],"block_size":4096,"path":"img/settings.svg"},{"block_hashes":["J0ems22p7TxJ3+ZO0eHFUykFgLIiArnpjERboq/ACpg="],"block_size":4096,"path":"img/switch_off.svg"},{"block_hashes":["eGh3Gfr3he8++2iKIBM8OJMgI48cbc2ieNARYa1N/Zs="],"block_size":4096,"path":"img/switch_off_dark.svg"},{"block_hashes":["UzJxWr0gpc887i1D1yR7i6xl/QCdNq/xCf63fz9SjDw="],"block_size":4096,"path":"img/switch_on.svg"},{"block_hashes":["OK0U1dVKtu6gcXRhB251rdZsdmBvtpCMwqPcp/LeyVc="],"block_size":4096,"path":"img/switch_on_dark.svg"},{"block_hashes":["uGpjDKmWuvGxUE/xmKgNZMl/uVs9ITZiSZnYnRM5Pf0=","Nsv4m1H4ojfJ3pKFggBxAa5JrB0aptsdgXnvbGjHtQ4=","u2sXyy2KSeyT1tpDkeHbyBJ50zrAqfIt6bBqmq441Jc=","mbYUxWRkLKtIoj+nc8rXMWb2qZs5mnqw8O9kRRiUfWs=","3eSRCUt+0qrCbmylAZHguuxKGfdviFcWxxsPeJTSRa4=","cGNxgKFyjJZCn98cbkKRr3Nzanhp5ax5AzeHefU0n3Q=","Kf+hro4bKaYrMrDkCZBbkkaWAugZ19WW9dzYLAoopKU="],"block_size":4096,"path":"includes/user_js.js"},{"block_hashes":["Y5Fv3BAFrlZuiiaQjFhT/GOzQR0M5FKZytLsF9El3YM="],"block_size":4096,"path":"index.html"},{"block_hashes":["4qQzzIGmNY4H5kQCOg8JA2/Vo133kn7ws3HTHnBDJZE=","XD+vdcGSVvO0wPN1P2YBbr0QIn8g7ZfbzmP+3ScfpsE=","wCeMhaKwa6D1GHpigcNQN7GcN1m6lp4rt85pze1m2fU=","p9HmAKtkvuE6nqLRfT7Me5CR1WJnCBEDbGUbJv5J2R4=","l08iz4svqfQcVOrlsgS3q3253mzzCkwEC0mtVkR3dwA=","TdRGMSWa/urb0mNHtdOCXicrwBGPNVY0s8CgKUkky8Y=","68T6uOS58w7yeVPHVLHo6AkAdrMAZqnp6t0llZp8hl8=","nA1uzffUq/7VoyX7P5vCIwsC5klJ49b/r2P4DzusoUo=","7Vl9QKMzomULKv6UInZX0xrSZpgU99hqesOt2sqefpU=","xOofmxbN6UYzze9G3VTPaUnwpc6WQvkd120c3uZVPxc=","Zo0/o8Meezfu9Qz6io5kX35l8UuairXsvxdRwKjvXzo="],"block_size":4096,"path":"js/background.js"},{"block_hashes":["IA3JKhld6Qv7OZ5LRi9hnG/hdH1B94mAav+ttD1GCmI=","+LPKlOSpa1P2HOqAsrmvt4nZrDmUosK3rZ7/cPUVJQI="],"block_size":4096,"path":"js/browser.js"},{"block_hashes":["g5jy6eY7gE9Ba6srtAfCkhqxDFS+KlRm0Zu8A9MtuVI=","z68ezoPsP8kbKM+26vphBfiZg/AI83QVxzjEzQWPr20=","FoUFiUBWfrgDuq/kAJXRM3xePh6UcwcZWmAhMB3UxKI="],"block_size":4096,"path":"js/dictionary.js"},{"block_hashes":["Fi9/sNFsT09tPvgFk9PU/wcbnT/0GmmAiZpEScjctt0="],"block_size":4096,"path":"js/libs/baidu_sign.js"},{"block_hashes":["zB50aBwAid8SuAmDhVbE7W/nVhD69O4smM0NWmWjGoY=","Qn/shhGyQpmZwM8je/ZTNaw5o4KQCsl8fmBI2EwUVjM=","9iGSEYajnkqmF9C21+B9i/rq1gQO9gBXAN3hxQZiMMg=","nOw1AkrWGLLAFsblqHEqnAVgHuh/VJ/dDqkExm+HDMo=","vIG7IKuY2UNliGgDTViuU9zttfDFDZ8Qzqj93Ded1Uc=","70xQjFOJ+v4YdR0r3YDwoAT+gvI2lPuumKFbJFgyM3I="],"block_size":4096,"path":"js/libs/crypto-js/core.js"},{"block_hashes":["hLadFiVHQXnVViKoMzw6rDdt2Lx33nsGwhaVdiy2nKs="],"block_size":4096,"path":"js/libs/crypto-js/enc-base64.js"},{"block_hashes":["yJ+PCK4GmQ7bwHY81GhT0Wxw6vUT3oWSsf+3SirS99o="],"block_size":4096,"path":"js/libs/crypto-js/hmac.js"},{"block_hashes":["pYdfKH5sxt6gq2QCTbMngyKafbVfdN7M9lZpc7vXbsk="],"block_size":4096,"path":"js/libs/crypto-js/lib-typedarrays.js"},{"block_hashes":["9ynRS34b+K3KDcw4uTuSnRTVP81dtWw9HJstqnqmk5Y="],"block_size":4096,"path":"js/libs/crypto-js/LICENSE"},{"block_hashes":["iw8gR+N8Fntr3naNnXVOcgqjMl8Mqaieqj5pw1VIPJc=","a7tQGZOuUf19dqiq9w5QdYq33OdFQyiKm9kTWE5V2Zo=","oqT37aHwhiLXMrGXQJ7IEhXGaO4YdS3cxMXerUsG8fg="],"block_size":4096,"path":"js/libs/crypto-js/md5.js"},{"block_hashes":["4/fWjIsiuzQqYfQDGOg9WQdeNvux3sqz3Q60cH9iPp4="],"block_size":4096,"path":"js/libs/crypto-js/source.txt"},{"block_hashes":["wDV/zTX4xSnyrBYZASEvzrJdjui0ZeEzxNgUbFWkHUI=","kurVsGECSGViR/+Pm+xfsIMVNzmN5Wj5NYSMfBtK3t8=","aFsywu74RijzGboa7IkCM2wm4WDyxaG2s/49Zv5rSkg=","+T0EkOk8F/ETiwnjXLMWFkGF+w8xtCtQWnmlWXxeyvI=","9HAAlmFRY7Zwtd2+vQRBykdqDcYwjDuiHcw7EIoWt8E=","61fQ/s1a5PLyUOoyUhMy8COFNlcJvm69PO/wmLibaaE=","SV4h7qx5gUZ3Y7jj7CmubjEkkDRLY8Z0ku5cBxmCj34=","//NYn8oOkcLI8VZtzUjM1kCJD5SzscsErRRxA6Y2H9s=","ynTxNlrPgB+g3ZcgaTrCsUWTSEdrK2XF1Z1DQ8t041Q=","82HQ5Y3ve/+F5LbBVG1ZuUBQ68QlPa+j9XtF3ncW9Es=","DdjKJ/clHYBIetkFs5xgiRheJ6zPlp9SCCZDNcVrNo4=","SsYh/da9Wk01cdP0phcVwIdHMiXuQi0op/N1keJ/yPk=","PRzv1gCMQGOiH4c0fhqt2p3XFXJUmKaWIitYkmChm7o=","sgf9NDPAvW2rNGBGRPde++x/wEkNjcGERQc42NfNPj0=","VjGWNYl4ydj0kq1qoZKW+t90RyFED0lV3wUNDurXyPQ=","ZVb41jzbc8+q8vemWQuam1bxK4jdZdi3abLmy5MlscE=","oMxZcGEBytvn2szBDMqWxpOdyJ12hlzHHRHBNr3ch3U=","HzHtuDk3W/0WdJ2l8W8M20hQ3wkNKQG5Grc7LbFSHfo=","kG6WSD0YqQ393pWc3sTWuKv5eHsVp6ul6IP5zWv8zKY=","EK09HTimu5aNOKt6sUq0SvGIL4NxpPj4eX5LN7KonMw=","kBxBWn/uLZUviUQaBhL/bkUvYGeLlvX6sw/lZI6cC6Q=","XZBnsCvwHYPcp/9nfGZ3kPt9rgLXByOS9EsoghOQ8bc=","jvmVFZWRaenK1Ng0Zd8SumfnKuFaf3RxhDtzCv73wLk=","6bz0gEK/IgBMFZ5QUCd110sRY7mZywH5O4U5z3CJC6U=","hf4pm8m3j8RBc7BgcMRRXTI6Eu0DD0PG3PkWM4Pe2f8=","tEPzAVksTs3F1FgGMOx5fzKG+1dZyP6RmSeDqkPdWcc=","jxl/en/orAKT0WGIah55bwlmGntbROShsrfxSMsTzP4=","IOsroEhqQ5TyefaBUM8VJBui0gA11l9I3dnDQy64/Nw=","qSSGLymZMlMyn5y+GsEH+FGkFwO3L+A4JT5Ow6QvWI8=","0nVpSzn20FPCBvJjfn+ze082i5qhNDy9NFHGRmYQqCg=","6AsWkQVQpB7SNHluP9sEjTve3jEffapPE4GaHLh5p7g=","YfyZH7Ze7ONpTC4lXiJPgJDESIZFV7oRNsfbrOiZwSw=","zv9YZfrsZ3g0NxicR09ljo+3l0AgrxdHKr+yrUsH8WA=","EwTGj2ST9BSwEgUrQ6dp1VIZCg1uVmH/FyprHtIZj2o=","k7E//4mkfQk/jI49WvPMVIPCfAG69Td/d7kXdAa/oAI=","C8KBGySBEvIRTA0LnJjtm7jjZIbmIpQKTLG9c3vjsG0=","CSMl8cx1DBugyNLzlGXSCSz8czONlMCkTwt3i7dTd1E=","bFcARw2Oy6Fkt2Tg8k01Gw43I6dJ08nTHInb3bV+ly8=","KaEzNwizn+CpAsaCkSGCkyyF8HPH0SHz0jXLrAPhvd0=","4GtMHQCO+fed3rgurVhYuwI+o9/2QvSeT8Pm18/SMhM=","WzqaaFOG0ha2wfhH2ZV74SWo4yfSaee4D8kzRDn0810=","LmRYtPNqQ4acdCQQTukO37Jpd5ehcndkNH7t5b0r74I=","ulpZ/0Kl5APGEKkAOt8PN+b4sgyNAZh0PtAjzJ1LbFw=","1+0KEgrGbBDQOygjwXs4gIiZ2yednQwlmQo0mJMDwRY=","0LPHafiE36S6DFqnbYPFFicXmdClN8Wp44qtou7p4p0=","WqyqIEJEPGBGtwSgp7iMD59koX0c4R0yrRKaapF99hc=","dmbW4u6E9OFuQT3r/iSOg7CKZdBqKQ39ChVNnpc7JxY=","2jMbRCfK1Y2FmV9LMC244p6EPTReE9Xa2r1axJ88hFU=","Zv42zceZmm28owAJX8SqOjJgKr4rL61OKyi9sVrzDYs=","0T41ZJZysgK7FKnMYMfhTS5p3Imc+ZqK/3fbAdBGf50=","WqpSyNMbRaV45MPSce/rt1LrzMfcRNdIaV+mJq+QLmM=","bY61alUtOmWU9pHXMXSY13xhJXrCCUzwOpPgOyaRNTc=","bPcoDsZfUmx0kziRfoPJC78y3AepA8EXIzFSBvYOFmw=","UTgpfCnU85CNfHTAoGbVhV7YOgYZ4/n4gP8NjZktCy8=","4f3Gjs+Ki24UatdL9ud+xlXMLRtg2py0wXN1RE9hcTU=","6ZT0AdTWwU5uPD/YPmf4G9yoK+96aXyjv65ftUR8rc8="],"block_size":4096,"path":"js/libs/hangul_rules.js"},{"block_hashes":["BgspjzEN7geikPV2dj0TavpfT34BmEw+o0DQ76mfpyY=","0F3W0ih+ST8AQS9MpUuiEp9fRnX+FagoIBYByPyljbs=","+G07g5ZJtIxmrqj/wUwFaPfUKAPDektqSpiWXdSdTtM=","+YFrdCj19JfV/sWuWaU50DN77Xi7jGTCwHY4R3kmXug="],"block_size":4096,"path":"js/libs/hi-base64.js"},{"block_hashes":["jIi5rZalFI+hUldrwqaWWfkUObTfMwtLwKd6HI3VXOQ=","qBC0HQM5AgLjL/xRXht5YXiZ9EkIpcCw6XJ9szKytsk="],"block_size":4096,"path":"js/libs/mersenne-twister.js"},{"block_hashes":["rE5teNLJoqEbAlcoBd6yOX4upjrmEUIbp9FEx6oYyh0="],"block_size":4096,"path":"js/libs/naver_encoder.js"},{"block_hashes":["bGbED1GTiaggNNCMCS0aD1uezCF+gxiLUard8P6bRl4=","QwSLnOJRtb/4k4gZAiXwN05v1mWNAXDan0Fptxykhec=","44DnMRkaYwlJSYuU6WSwdtZeBqkSaPZzdAEzfHNluT0="],"block_size":4096,"path":"js/libs/sogou_sign.js"},{"block_hashes":["pRpnkpB+l6HUcwaB4p2LCb1lFFpr4pVkF11sSBP0kfA=","nrOWbKebP8Ce9vz6Y2MqRtu2Cfmcv4eOE4IXkZ3vKzQ="],"block_size":4096,"path":"js/libs/wanahangul.js"},{"block_hashes":["QqCzgXmTelJVaHQbuDi1wU5xwoNlUVV0ancByJuUdCQ=","rsDI2wKJ/dwIdn9zvJwKqXDbGvkDcD0pBnzAlDe88C8=","LMSo8QvX0P2Y29DFp4NW+8Yy4WOJdXp1gXBoIibX4Pc=","xcvfho+X36mBf+toAacJ+m3rH0mhChxvFPl64mKER2g=","2uwv5MMUcq6YZxrA5YePNaiZ2h3PNeF/ki/wbQq0wDU=","DndbPIXnSjUj2X9Ju/mbyaCTmLyZRyCp0EHnV5idTyM=","3ns350ubEexVvYZqJ7gXD8wVveVYnSnH0RcYpLGTLXY=","x8c3XKLt/dM4eOGsm2GbmuEtxLGQ7vuum5dH/0hU+iM=","UokNOWNGBVqTE5buBLjL3QFcgwX0AqHJVV1yAvRgGfE=","cUs/Na02buxmxgeB3zJupe+N1ivTRK8qHWmy2I/zNnY=","kUmX/7Jo5ZP5wSNQOSlZKqcD3sIn5E0nnDRRQUvIZl0=","eu/qcuPYE4Lbu4dQdntYRzw33OQCv7plI4+qDHk297k=","qBP3VPbp3bU8J1PqFeu/8UdjTlefsqCwMA2ceB/0Gic=","KqDYLXFmO4hk4FUhATPJlAFbWqL7/TZZ7+sIJsfRcJg=","oIq9Hm5r/ERaA2yMsWzPdt1Ou7uLOtn46NSNvA3OhK0=","1vb3MatEV4ldckaRyPblBi+ycFmZux4C7OzbC23u44E=","WuCEGaXw/9HjPOAzM1MIW9AVhj+sr4z37t+ahIj5Hs4=","aY1SQIjypKmNKsSQ6OLWaDTBpnePlJcwKv+zJ8S1rDY=","gB5gdRD831PO044j+NXeWXwnQ2KU5XPgcPIIVQkQKDI=","pC/XrpmowOfKBpM8WoNxZO7sV0XhxzaktQQ93azHP9w=","qPrklhou5uuY9JjSoOxLX5NAC7DCSYWelfooSxccStw="],"block_size":4096,"path":"js/libs/wanakana.js"},{"block_hashes":["fi8tG6MenA3KsQUDhGqc4HWi3KmTs1m8RWG+WEVWyzI=","Og1O142etCnVlHTXpWbpV4kbJ1JYjXa/giBXKVk+zZQ="],"block_size":4096,"path":"js/mel.js"},{"block_hashes":["YNfqTG1qZePu9ppWMmwXIzVrdgaO47eUcWbmEy4ntLI=","d7djcnsVsB74F7RS2sd5uWcjo21qCKslKDnpkgci0KU=","pc9mveiRgktXj5xqG4lOeY8a1IUUBgWfec35Y7YUZFE=","UsbAMeRkhlN4YZFHAnBjRR3lR3WazKmTSPPy8ZTKOV8=","XJ+6YvblPB6/0OliUSz9vDtzZ9bAk0n1wdP3Pp1sXGI=","E0t22h9FMw7LidOUFXx5SEQhUBpAXKShZ//bRX5h6zw=","9mBVQcYPxDosEiIiQ6iuVkJ7RUBpkcqANwNM+woqVbY=","m3nf3n/+Z25pRheyR/KNgAAFyJ66M5ClSnJdGGd2A8M=","lBmlwVJXBWQAs/4RoL8zwEzdq0ijZrYD+r4RuczIVaE=","j1z69Yb6TPtBKv81QSM4cl6rSknurgPKJb+BCndAQ/M=","vK/aidwUJ9y8Z/a038cTafe8R6PeX0FXr8ZIb/SrTv8=","qYwuEjzRYCdzgTgg8t6H2YEPfNSvU5KoHUmOcrOmewA=","xrrwlgWshqorUsXBqFrg7j5OvD8e707fXszGo8BlNs0=","zBntZPu7tK+eQwRGyb/5u7r8R5CoQCDgGM9LMIhhhbc=","ri2e2v2eeMglK7Nrx0cDLxNeoNyxKiZnlSmyH6GwnpM="],"block_size":4096,"path":"js/popup.js"},{"block_hashes":["FVI9j3pSLQqCuWbj3f40pCEPke/p8D8PCl8ZHxv/voI=","6zb/Pw2WG6gX4KIFnpaHFa3di9V8kuBfDrDbeLPwZa4=","51ytP6Clxv96LksOLgVG5mdQzE9VBJsj/u+LHp/Gy1o=","yQu/0EGdk7guXKC9PTDM1P+GNhG5NqsV9Jy5GTR0wAA=","Myg04U6B5jghq287Dg31gLXTgqbU9P3mKib/YSKyxeQ=","MMdrssLNpZPvEa3+ZbO6chmcA4VgUtZrjI0/axRzFbA=","4Nody+0sN7ZnSWKvL6bbWkQP1r/BVFXtJ4xhv72sp9Q="],"block_size":4096,"path":"js/settings.js"},{"block_hashes":["hgpchb8HEBw809JoKE1R/E6dRnr9eFi05ci9ybFWyp4=","KIY2feGJ3GpOb9oZoMSHZxozfMOmI28j6qlvvH/sTug=","yGskvJBCYvc+CYbcgngmq466Okai+Gnyp2QGb764WZI=","8Qtdnvw8T+7hzu5Em6eGbrIlDXWXl2+5bHbwXqxafDA=","jbfih92k2I31iijHRWQCM4oy12Tr2kRFsja0dIBenCw=","ToXxatZ7EH0UWw2X73WzFm1LewLKdV1uLV3iKJ5kK+8="],"block_size":4096,"path":"js/shared_data.js"},{"block_hashes":["wc0/mOHoq4g88Mu17zQeebdeZI2/2jCjhSqMnGTurSQ="],"block_size":4096,"path":"js/shared_popup_data.js"},{"block_hashes":["WAuQVoiESKEqiD/MCigbM7cAhcYPhf1DVwE+sOLq5zM=","skOtsRiJ1o0d4P0pPPEYp/+rlp5l4oYjRUzwFE1R8w4="],"block_size":4096,"path":"js/text_reader.js"},{"block_hashes":["AOxjIMkwM3OzTNAFTSyGmqY7QpkVt4v0Xvl1Gr3+Sr4=","laWWUsHE9g3UkuzY0ikB+dMixHZRULlCTNDRpnrEt+U=","lnBSjrSmJN8lxcF+HSanRCB2igNiBXgnJFIrIXITZ1M=","kqPIt7c4oh3EvG+p8IUPdhqeSod28oadDFYMRtCMXiM=","DcqylXX0/AAyMOU6QORNn19D24IPYqMRAhbTU21g7ig=","36LoFRkrZ4udvXAazNbVgHCAgySlWLPvspNunD37++w=","sundGKaNBn0jDbGvKbillUn26hvwxiYNS1Muq83T0o8=","ebiIk2ZR+bzDSopm2088AYg6mF6hsoyciaRhEpSOReo=","EnjdmWVhECgQikXSrRx3uSnZQZQwBb8fvFU1s1Ab8j4=","W2Nsk2VHEnHwq7cjocXxJlIDiuwyCbh/B/3Wqcqt0vI=","a99/lmfy3kh5a88/Az7wohC4mHoMAtKDGdtuiPzlvIA=","rmiE3rwD7Hz3uWAvKYahACTx4P6MWgoXyZ0PxtoZ+ho=","zl76zhe/voEuiF0ZF97hTBVw4PNcR1h/KRz7Z1DasdY=","vvObYv3kvhnveJfjQkSrfEwr6iwCh8sJR+IJ9I9p+G8=","d/zYlzVenqptCDKZkJnsYf6o4jr6jdS1Theix4+3ha8=","0dMP5jUh/EXlHwieaxc6lCVZv2xGMMp7DzmR9pFg89E=","HNr/OdhekGO208UmPkpD72i3n7VpZ8aqYxJxiyOWjeo=","KueWBDZAjLRHpvYtniN+W//Krx0QLcT10LAQ9XTRcv4=","u/b/NDs6tWeKkRyELw/TvBXo5enUJ0QhNkb1D49aHqQ=","m++LCGyqI4pryPvZOFK2rMUxWzynHI7uXn+CD2X4pFU=","eiJnnxPWyqqpeE0G3f8WKQ13QZi7I/4ut1q/P+kspRQ=","k949luyPyx1QUS5y5iFw5aV6tJz1Q0LjyhXr59rYds8=","cjI5x8fqCwzOXA4No5Eq7p0xIYlMpzWX7srC+q7Dh0M=","GyIFrzcAMTEPioNxJ8OWPm1oB2XHC756xOYSgohKiAs="],"block_size":4096,"path":"js/translation.js"},{"block_hashes":["ItX7JTyOkR64vTsmlDtgU8XT15n29Y4IqlF1nHDxvOw="],"block_size":4096,"path":"js/words.js"},{"block_hashes":["ObNvmCcEcZH0ERiql7dOLesAlMbOqo/4YX3CVP5fkBQ="],"block_size":4096,"path":"known_issues.txt"},{"block_hashes":["GzWwtEoCU0sIWqUNvHWrsv8J8kmAHXfnfbyJTP7tsyw=","QnOmXXOfgaQHemQK3Qojpz9XvzsDQ39YZZ1HBlPwklY=","IfJFU4v6QkxbuqRrWQOkjYmHWU9CEABYJoi68KI/kdQ="],"block_size":4096,"path":"locales/be/js/words.js"},{"block_hashes":["o+dx/UX3RCgXIZtpMni45O97sPy4aHKk4oOkNkWKMuU=","zOKnw07mKn1u7uteS9UO2xwsQwn3zP+pUXob7wgARVw="],"block_size":4096,"path":"locales/cs/js/words.js"},{"block_hashes":["ENISFqV4rCytLQBLvuYXvxCYbuP7aBFEumTEZONj9lc=","Bt5otBhlVgi65m0y7oDDbOoMEvwgi9yMqxf7z9XHpgQ="],"block_size":4096,"path":"locales/de/js/words.js"},{"block_hashes":["ucnTL8ZadTLEcYrf+FuySuLUMHB3qLK/g1KEeojO5JE=","yHMWZt5ZYPBCnwjMOUgjIyKs3/kj4CaseMMWNiPJLyQ="],"block_size":4096,"path":"locales/en/js/words.js"},{"block_hashes":["diD6GjVj8DlCC6fZuxtvoj4HdgBwIVqfiJg2TY0QHsc=","M2yjrd7QpgCgxW2LD82T7iH/R2RO/r3ulVu7p9r0nko="],"block_size":4096,"path":"locales/it/js/words.js"},{"block_hashes":["trLRLZzKytTos0aiFEa3OyHeBFw8v7jtFNpyr+OaXoY=","DE0OxhXrR6JdkJCyiXlTm9eE3/viaof7/ez7ddQcfv8="],"block_size":4096,"path":"locales/pl/js/words.js"},{"block_hashes":["whu9WGpb7UhA+P1wApQZRTdftwHCJ2q45nyQ4cpeH3A=","yfwwi78r9oxMrvdSKlpA5Go8fM+jyFx7NJrYUTTAgbk="],"block_size":4096,"path":"locales/pt-br/js/words.js"},{"block_hashes":["0DIWH+TZXt/qAEWeOzFeLC5jdgP+otuK8EVVIn4CCms=","gSnuFmFgbakpBH2nV80IAwKYL3gJjJ3bWv4KYKTDg88=","NJ8rYcBcOEKj/4FhOV1FPa8K08zzSrvcY5rBpbHwpY4="],"block_size":4096,"path":"locales/ru/js/words.js"},{"block_hashes":["0I3P0vyAEyh+3csI2uYXReFjYg60zEvxtobsF1lw5bY=","ptHu2F28Zy7DfSAI+qlw1wfpf0pq3ENKs8MiyxZnHrw="],"block_size":4096,"path":"locales/sr/js/words.js"},{"block_hashes":["ybetSeqR2cc8w7Ivw1Jhvw2xYhQhvoAqj/TIxJ2eiKM=","C48MiXn3yPOVz+NNlxMQYl2kTI1aNak+HRQWF36YfEE="],"block_size":4096,"path":"locales/tr/js/words.js"},{"block_hashes":["tV08WqqMP1hojwjeq3+bdDGs9KPwBmAW6eKdWvzxSxQ=","MfuTeMwSP+agNfQ9WZ9Xh5PnBhe8OWQe7e493u6FI8I=","+2PW0vCQXwZb1ZDU7yVB8DMb89ngCYQxhrh/Xf8I1lA="],"block_size":4096,"path":"locales/uk/js/words.js"},{"block_hashes":["cfpbnapgFvtN8ZYNKPcgX9AUwJAhbL2t3DilsmWxtCc="],"block_size":4096,"path":"manifest3.json"},{"block_hashes":["/t3xPwjJVTIkwhiQktIVtNr/2LBZ8wHuRCO9h4lDWnI=","VmWl5ApQMHT8JhgmfjoI83wMLyqNAGbTRPgAAEs/XOQ="],"block_size":4096,"path":"popup.html"},{"block_hashes":["qzny45r7llG5SjIkWDwbNaN12zg/kCAiqXMXITd9R18=","AqYJ/QjgJw7lSrjFGmZpvby+d+Ucp7Fcdy/7zv+dqzc=","UpXqicm6T5i8SIiXbtDWsUdKJ5OqTCBAZPuyW0bhQ4M="],"block_size":4096,"path":"settings.html"},{"block_hashes":["R4M15J+EYchKYo4bZGIF6MtEVkt1QzWT+BS/KQuFyz0="],"block_size":4096,"path":"sidebar.html"},{"block_hashes":["T9kpyiQC1bgjU9BTOFW0DQ8+zeNwPUUc1P6D1rWpM88="],"block_size":4096,"path":"todo.txt"}],"version":2}