{"file_hashes":[{"block_hashes":["ZXS9CcT7p4l3yMGlHP8N8fYBJf/VTpqyX6wraY+wuF0=","fJK1G3Gqbd/6RvABIUAz/BzK8ngGakXYYq+UBd7cHp0=","j9hdlwdCUv31cQrTy4PEjpJYfJV5Ql6k/Y3yJOpeEtY="],"block_size":4096,"path":"data/context-menu.js"},{"block_hashes":["+QxxQy0rO4BaPHtkd1EwoW5GbQRU8kA0W+6R/ENQYkg=","AdDeTuX3uToEOhc9wRQM07mxtwgDzYQMbawtc0oKPHo=","mWY+vMS9FaBiq8MG0xMDIGX3Jf8JIqJoVy6wAZ9tbUU=","eSiuIAG2+eVVhCx28n/Xm3nqLupv0pMOsucBk69FbuU=","m9A4xN1dAqO8+XKvg7Ian4q7Bu5qNqXFZKso3hSI07s=","jOJ7tloekpQ+pgN+zSSLvwgB+bHwzKmdbZvHR5b7ROA=","N/O+Q3zI+MNbkf5tYuVD+tKzOf4/JcILIlD2/9l4D4Y=","zhqnXKIBAKVgyjwILxk9Pr4GpX4dWoACmJveDo0T9SA=","aHDOP9VLJaeRpg5pf6R0iRjsO+t9Snd2TPAa5SmzrP4=","7NAeESkirM/xBjhBtIFf3gPNE+WdZf9b38Dvg+qtR5c=","v+mz+BRAJ9R61RwgsEf0Ys1zjQR9IktzXROcoT/9IXY=","PU5Ahumtw60wa75AgAuMTBvN+W9mmy5KgXIYwVzH70E=","R3TV1Pt82cVkde3bNP+rikLj39qpoXhR+P+4NOpBGW8=","4nTheYFsoC3JA5nNDbOwAJmgSMf1LUZCAqtEH+WuvCY=","1GkkIQTb5ufEY8qU7Tbkb8oNNGx2mOwQBXrPsSKOBzs=","3UrRT58tl44HqJiw8b+eolugQSBZW6Ajxe8NVcdVaR4=","7Kddliwq1Wf6EgTbSPszWe6Gu4CW9Be9rUyghwRztYE=","8FFpJbmDY4PUw/c5zgOgxD0pPjJdU13Sw6ueStsPUUM=","cgIE5UxWI1aqRpejs5WklcPGibytHXZmsmCn78xqIzU=","ukiSVhKoaI4pxzM+3yks7AA/dp3wvr3I6DGX5Fw//ys=","oAV/vPgK5S/a8GeQdaw7hnBHH1gv0ngoaLdv4HfREV4=","4S/7jPEdcr2USoXFW0Gd64jMWeDOSkci9zge2Jaajdc=","jhIRmvoQuhabtt8dwPzI3tuxnmhSwbjl6UNt3e6Abzc=","Oe9u4h34PO8zNnBrFKjldOMlIzqQhOZK3wcXvOg8cls=","7+eMqJvlK5Ymf0xX7TcS03qJ1EePsM5YxBILD4CaMs0=","jJFCC492PbOHUNtktq+T4diwBjw0OQXJq7xIjak3QZU=","hUSKoOVKQzgPj7sAn0uhvLgPyWlWrP68Cqsl2gZRIWI=","u1YkrDjU67/6kNLRv4KCnkNVywVoWGC/x9tlsdxxC74=","a2//aqWNC7iYXeTCJxveGxakTSveJo7jIQBY65giWcc=","aenxA3HuvOFI/kqyPgnUPzGklrnoo+1PpwM7n/+XpHE=","jcFRLCXfANPbrdhkc9/BzPrQ0qcX2mGnkJjb1JHoYbw=","gmN1chTi9p1efEDaX6kY+EcJTbTFfPdAfbdL7mjdEOE=","QyqxrVz1D+KWSS8NBXvX4EmKzIr7lMpf6nnVNw+IuRw=","nCUJTcX370o8LDvxYHHEA6OwIs6QCzI03LcJKqRKcsA=","m+k8/5coq374C6DJ+h4aduYKCPn3IqsPtKeTac/aLnE=","2ItSKVm7oMO2HoE3Z3HUACN2qpg5Uh6XAXU8sUTEnmg=","nBpUmtYmCRtpy5BZWQBqhxntieVw9eTfGiotiIs+gp8=","jiSnh03chbgtbC5NI9wIFwwW06Y5eI6SxRF17e2oEUU=","tYsAjrnFr5vI8g0AgElDG7isn4PVI/YeDAvBz8drz5o=","2SZe+dZZwpndph540PXBd/DOc4yPW+HcdpXQCdhGIzg=","jiCqaG2FD8ozUWgB29TAd9RgFcGF2UTgzL6Fix63TjU=","FvWECRQ857xz9whiclS1l3wZGxtWKRu6Ga+Jjm4UEDE=","GtB3IgIcaiDOP69LE7V+RCWmkz6/2cLzB1Xc9KQ9/K8=","+WWmOjJLm3pw7ZHYXJMB9L/gieGpqwp6C7+bQbpYck8=","cknsZZ3CCxOSwahMyIGyEzfqoFh0Vp+XPXWwOHOOah8=","1BhhnurOEwf7hKSQrSdHdwIbLtrGay4BLHDilbJCUno=","QbE7aiZM8hoH8zVuysDrGfWhrNXOMtE3avVKuNM/MN8=","/0izik8kW73YJiSZoKUunKWi77HxO6Vzf8hlKZhDziQ=","o9Kiv/3WXefnR0ScEWvP300s+gLgjQvY6yj/Og/EmAo=","ppjH1YuDC21yYLLC7oTxlowJPwTEwjfC8pWVydESmLU=","eZ0cN2imh6hLEv8dvNwhtYzV+hah+hEpqqqVcfa7Qhk=","erckdFOMGk/oPLWH5p4abItiDzCoDTkLkXO3xAB9Y1k=","vIH0AEN13cDlPghoamyr4VM/jV9eGzBAkLg6W2oeJrk=","5/IHX4oIoq7IutTB+C6InDYI8aVC0TjDWtKZkZ1QWY8=","0LFbjL/rMFVbaCM94m7aMQSeG8aUJHnbFe/kDzb9hFM=","jqychAy7AeTyJFLInNxBvcDGDZ9ADUmbmfya5TnvHco=","HNt5SH0uclmftCabmJ1ZUk+zzjv0Khg48b4vf6U+kiY=","7VeEiP4tNHHK6Cak62aYCcKJCEL4l0redGyuEYqFWWA=","dOZ2uILixePTVSuMNJkKaJAGIp722lWhjOo8701r5xI=","eKfPanXgTXHJL/8mcsqx1F4rlrIHuXhHAtZQkiGKdqQ=","Ky/izK1T95PWRpSbDguJu6fdJfwojBaVUodBEdrVrTE=","+gW9gI/A1cT9/wfWqX+gPv5OMsT3ihkXLvg06+unzew=","cuk0euU/Q0sKb/zLUg9PpkMyJrzGcvxFlUD6ryiS2Zw=","IzP0KYWUOdUqVM75p98dsDPgE0MRkBBw0p5NyRESOaE=","PTpNTpfa7TiMFmQBdiT0zpNubNsQXUApYfxaXxyCtcQ=","Igjm+TtwRslmBfXM/JDIUQWYbmLXpybZn/e49BmSrwk=","X4ZisbdX5IEAhYDGo6aO5mkauBaXv9u7SwcLYIsuQLg=","a0+sQwU7v44EPuQt6/f/uSHyXVeB/BnEzgRxPjXUcsI=","gvdkkfBwMeT2vEnLojksCjuKMjEZ4sGQlzGyD0rbB5c=","NetXHtdun48xz1FLeYBX4hFvjRIpBuMgusFt93jwxF4=","grXS9Pl3K1tMvC4IUHSH0Zya3HRaxn7/NoGyG4BtMGE=","PWjR4CsGXapC9LQ1mLRGlBr4ngvCow+0+fqib0RFpIk=","ZN8bjZuc8jvKfAXRTK7lCnk3TQHYL7zay4w2W6okSqo=","ArzCJlJ4/SSJeMAJl4dd3dla9c/fRmYsdMkvuc6U9Ig=","FLZVhGT1nIqa+4wXpp84k6Yk40MifQEeKo9k2dDIHWQ=","YxjxJBVrUtA/Y1Rz0hjbZ9Vh4iBWHRL/lZYvad0MeVo=","AotbAFM3H0Ouvkip+U2eLaKPr54uRrbfqOHFvtUh6h0=","of/uwsBmRqSsvDSSZwIqbWqZG60xG1LzbO4AmFecmm4=","vEY9ET5T13zCU+5o5qsLiEcNne5qBxYJ4ec8m5lYtWY=","Pv4g++nFYwU7H4Ztt9eVKg9Y11p1h7Nt5vkp8qxdMYs=","3FsL2QdNPaemKvJ7l0BISp2EF7WZKAPaFPR0SxZPCAQ=","S2TI2pKTdjuVzlwoS0ryBbByuhdP4bzbelc85D8+5JU=","7SXdy046H9EHdP+iEar3Y3qUHkYV3xT55kmIlllVTKo=","K3p73yLOas4UWCIYXZbv/LAePYZ6ddDF/YM0pmArEvI=","drk9yJcmeHuW3H94tg8B45qne8TcliJXmX2bmfMPesg=","jMnwsshc73n954NwqSWX2+eCqXuHeNmCaXxD8g4IgMM=","7JBHu08ytDT1yFWKK3y/u+cwpNfx0yI1AVuq4zKz+mc=","LE0Ed9KM7zhew8V2GWDJY/rQ9O2Ae+XiIjwZ1spoVdE=","kIw6jD/W8c1fIsR0mZckbLbtoCduHwoMCbxKabscQfA=","Z99fqLq9t3SHDn07HKO8zIQuv7jm+OhzlZZ+oXtiUg0=","XVfurdAxD22pWQhd/7BLkd4YTtxesj0oVq4Rn5DjdJ8="],"block_size":4096,"path":"data/css/common.css"},{"block_hashes":["A++ZkR34FlBORthc0UiyCY2k7phSepYvspPLN+r20WA=","zYY81ppPKvXvKNw239C46J7JmdQr+wIQu1+ipdijW2s=","mOlxgen/u6fLHhmfh55xYEgaFH9PD6gIsLPdHguDbCU=","3tzWi7YWR72038MOcWyFH/C+BjwqETYI4Wt9kbLm+nI=","DP/XCPWtqGbfNSV1lo0UOvR+Kw2QAWiNOXtzmQym4e0=","BIeGwDxsE2zNVuKr/hUr8ehHJbyUOTSg6FPA7mvQA4Y="],"block_size":4096,"path":"data/js/common.js"},{"block_hashes":["xTDDJcayXqWl6Yni92c2iGQh8pRzKvlQwAekA4JY8qo="],"block_size":4096,"path":"data/js/common2.js"},{"block_hashes":["Cg7kmTbYN0XtLH+vq1W6CYEEEEeqhUys2UhJrWdOXXQ="],"block_size":4096,"path":"data/js/common3.js"},{"block_hashes":["3whIeXi4JSMNrmqxp94XF+7HFRb2JF26F+bFg7rPT2Q="],"block_size":4096,"path":"data/js/common4.js"},{"block_hashes":["1lB20AFfCGwGV8ENOoGJS5h6yQuFXOhWo4+rb5tz0wU=","2740HCHFmAoZ8fzKOx0C/VLboHKaFAOQwYVXhXbxwIg=","Lr08SiQXfp+EH8Ew+7qLcT3/bPlOh1e4zGqEH0Jq8xk=","x66R79IJ/DTG45grfZKbUAJRBlUwhYsVXOkyU0Pyn+Q=","5x/xnc1vQTJ/7EJPbhLUktu6LZQfzhFGGWyOSIoJ9QA=","gUa+Ry+1wuVa7CXTVRnS2LjnOEGN35UwkoHMyqS1chQ=","LwkVUIm3wIgmnaPM0ud0Mb8Ib2eJl1vNjT993mUZgTk=","Ji9HgWWyki87OfouboTnd5aJW0BEK06NBlRiuU35Gz8=","YZ74yc9qTYh4YQSvPbLPEp4GYh2V2ED9+qPyNeu40FQ=","v2dYm5dkKAzR+iEp3LlzGRNVQWCimp34qruvzSgyKSU=","aLrSGoMRG2V/VFEeY5GuGO0rdQkeGjM37tZV1e2zLzE=","wo/bPeQs6NUN/a9splPby7XZEAaZ22Ucl2HX5vaYoTk=","472OJDArajYHXUhOcqNmIeWxWCX26A9HeZnn8lOmADE=","yhBdsVqZD8oYbPr9TrFZMD/YN6PLdAJ5CTMnDbqA1ZE=","kOzjXwNaUR0jlrWOj9o3338AXL9j5LUA8rTzGjscMfs=","0HvXhRasmqEmzJfRKHqdkq97CGdWq5gddeR5jdVbJZI=","+ofH0KhzpaZwZ35qmqOTMW4wm6HCi64Ymjck3H7R3nc=","l6vYvmLlOdzLqutDZEq2NSOsgy1xda5W2bX2AKC+4cs=","RduhlhPZjWr/odRee+IUc8EvlJSnkVG4X+AhkkqMwds=","q+4Z9iOlf2mIW9h2yWEvETFEOTKL21aiAGsrEGxzX6I=","Q7t2tshjVWT5hWRn3upi9XRduGnw2MuKunpzxmQOUdI=","EIvGC+3LOHCGe1Qjky4sX6+D7iW1Dr51zaGP5vaamck=","MXL98TOYjnHR9kpWhusL1ztoSzDVR9roLB6APLG8gLA=","KFO4zpnzeEBHZNU6yVk31QmZMFh6TDSmyU4ePCO++wA=","j4b99YiMPPDDgs0N4rsDEdN8biBlKJtiIXbywA/I/gc=","QK5b0H5kAPrOTy7dryoXycPJ86+QPTAHQSIRGbOQZnA=","U54G0ParLv/hBY2WTJlKFedxJKwp65tgBEvPR7EoLVc=","p3aic732oWkS45iZ6yFFSsZCHSCzcX3gCIbreSsi7yk=","tW0eUZhPzDgADsOI5/MZTZxskg+To/JszxADSv+LPR0=","3khwvSVWD/HUzi7G5efL5QIvPBCvzceQ9FoxGHs9XRY=","gTKgQTDEMv0yDwgZP21vh+PPRZ1oG1IwMphLSS3QkhA=","JcdM3oSmpFjBmYelcY+0+eHb0Fx2934/MQeMh1VKBj0=","sYLP3BEHzkzO+WTvGg0tUJfKni2A4JSs02+y/RnyhOs=","pmy5vo08cyLvRuEBiy9yXK8Mp/1KynGL6G7NyU2pxZQ=","+AU8bD51HF+OGoJ0Jp7swIVszfA2ztI8RWCqbgDmUtw=","gYOwo/OqkKm04s+XIOzalV5Rq1mUxlW/6m7eGcoHeYM=","0Fj7BMJm6BbC5VSz2SWtRIgL2wWjeUMnzSmJWPxR0VQ=","XUgtycOAB8XO0uhpCjv8zlZsXTBO82XjJiaRCR4LOcg=","BdGcjAPajGVN8HupWHzglU9Te/LJsmLiNCGrJrYnmWY=","1+eaq/RpZ5qxBoXR3EcAJ9isdZbAEa/lo2ccuL+5kus=","NjBKHUqZ6eyFVMdkfZcxpLQgcok+paKgzVVhiA5TwV0=","UuP/VsHGN8d1MWVZT9Ee67DaCDGMK8dzsQHNZ90zTTA=","YvwBHlrjVfHHZuUNLHcLvM5c0a/ej4z5YgTFIIfsH7s=","yxGL+LGJgfT8hXkCFHVpZcOunrCDCaVVXk//Iq+tvHQ=","+lACYPu6z7RlnIhqQEuapwQK5EzpI3GXU2A146P/swU=","sJEIGWrFU0C4+T5Oq7zGNPMJqOA5BJJuuwD3hDwtqGU=","rlKnay6zXDeFev7MOdHEUIayv8ohf2R1OVHlO9Ot31Q=","qx7TAGtrZ/d5i+WHH7gIk050c22+m44Qr7HzZOQgrXo=","B6WnVLTB/5WhbbIC+xq6wGUZjCnwiHeYqPFgg/e8sys=","4MNryfFCnJMihb1D74TQ6GYAilPk0qq3gWMGeQPcOfo=","zcfVIxCRF5iFFxfWFWbUfb+O9DJbPtW5TonMrkEHf1U=","+p+F9MvPlDM0bZid27asuc3bnQivWeYfauMoJIrXbwc=","DcAIALKub/G0ikI/oaRUjMBDzOTmqEt51+FwJfSVJyg=","nHK+nl0Ndu4wmfXwuzuk28hsjYvBXp1JH2SZGcOdo2c=","EA8JXXDQqEpIJDLt0eyWzO5IWaSRQBVMBIKP29rddc8=","qNi9qcOVUzYHY07tSaHkJmVAF5jQoj2DsObwKxkFk7A=","X1lmBLrJyoVjqCh7cvO2Co8vjWT+p4wEAFusZ8WjTtA=","cYNUMNAw0/nmIUJnd15BJZwrEtc7JBzYTOz+bXGFfiw=","pd0KwLTTM/NHsjkaD8g6+dTgze4pT7Ee8KZp44reY34=","SeGi4cdTCQYzz9Zvp+BO2Qwk8YuhV/3tjbep2QtSoYA=","xISOIYR8ZyHXIgpxeRTJVwdCT30YWnPGmTRj6cyn8cA=","0far0mup02Ru0ah6n4q4cKI0dnZ7HFxXt2NjVH5YEXo=","u/e3Qf6wdezHzLX1Y07XVplp1w21XGJg0PkD2y3KHss="],"block_size":4096,"path":"data/js/common5.js"},{"block_hashes":["t/mKnT4ByQGVtHx/od/xw31WwuHPlAaWuUlR2FI+zYQ=","jQ3Uvv9RDRu4CXjIwUTOA6PTEiDU5gRA5WEDONMt4RM=","zUuRBviWwy1NJEuJP7DBaQL5U0JUmt4uQ3/ccL6UObI="],"block_size":4096,"path":"data/js/common6.js"},{"block_hashes":["9iiaTULx4+a5mE83jm+8oJj0ZW4pXRBrkNQTku0BnP8="],"block_size":4096,"path":"data/js/common7.js"},{"block_hashes":["y7qVP5fR+97l5WQpn3rHB1/LA62oZVHDJqKhJ8QDe+4="],"block_size":4096,"path":"data/js/common8.js"},{"block_hashes":["wAyxWWFHNnB2AK9iin0919FJdDU6FUyGFoaYx31xJlk="],"block_size":4096,"path":"data/js/embeds.js"},{"block_hashes":["17jeiso4ffYlVaig1i6B4dS8+22OLDYgtsW/wRT+228="],"block_size":4096,"path":"data/menu/index.html"},{"block_hashes":["9Gq8nn3oGZCffnpzvP4nLKn6yDpwgmH6b7f2tvkqAMM="],"block_size":4096,"path":"data/menu/script.js"},{"block_hashes":["QSSKgEJaHNUkIhsPZfO1P6cyfVPUDVjQPtP+I9HBOWk="],"block_size":4096,"path":"data/menu/style.css"},{"block_hashes":["We2awY5XhPxIP77LGvKpdJZX9Myh3ldN7LD2JKHpMv4="],"block_size":4096,"path":"data/options.html"},{"block_hashes":["fS+SgKIcooKyb3I68EIpHZVGASqtDzreb1CjtrIDpw0="],"block_size":4096,"path":"data/options.js"},{"block_hashes":["dRYSvUSwIZrVIUgtqCV5GyGRuVjRAGcUuQoDvddwLb8=","dkqmJ+1ouvD3tPCohqwIv7/f5x4681CmJTkS1ymltfg=","GKQGqXXjACIdTd4b4aYP6X2Bik1FKL6TSoGPSJmzZE8=","ezSlU1Yl71+0ZA8bcyFw1uqe5W2FkIW90tWSRNd+sjM=","exmVETRX7tPJaskl+Kzic3YwBuwDg0QwXUDxfkoJjl0=","xAuxS2v+2aKHJhURsdSrvpyjDMOMl7vRqwfcb5dCmxg=","NOvb1LKEb5KS2ORwi8zwanuIvx+38/ForUB9QIKct9k=","U2fHEBW3PqeUnnEmHBydHr6qS63yMrcn1Wqk7mU5Bjo=","yIPGhHwzObkSIxuQtadJT6n9YmEdSKsSY8bCTU789uA=","tu/F5wqg/Rr8/1WHd19VtsIu2q6yVFLpFS789uqQun4=","UyEpHqNT9Fk1f4P5jyst1Sktly21Id5DP9afk6HCCNI=","Aa5lRYrg9GWw6LuynLYA8l+kbWQTuFkUpu+ldEjnJRo=","64PlnlfPG+n1cLnb3y7hOF73GIBEfHNAdWw10XxQwvM=","eDfY3sX8emI0lylJZat+aJyw/cjEpsgmK5ch3qqU0kk=","ytVIttPZBkK/4efuO+I2CU7n8zKEDFYR0zFvDlXSlXE=","qh54D/Y7R0TkYvBNb85bk0e+hT/r/dShFR7DU/wISaM=","VkhNDI92r7f52eYiDjqkn6qqk8hHhtBjc0RJCN8/3Dk=","yrcd9bNtJBOp2bufepkHBaBGoZQNH7B0/FqtfornVIg=","vULUsaPk1FQWgSFKtPnLtnZWL+qgY1msVl+AJh3IWeE=","oXkA2YrWHEqB6DpvlF+jrUGstnAZbZl8fZxCncy81aY=","5opPtRz4PbKZODJrduZ45XqWCiTc3x4IU1SaCIWEE7U=","0BQHU3y2m8UD1CYaa99yZ8JzDNh1hmsFGuD0r9sKl9o=","qidF09/E93Vw6JTqRVhC3kIQ8CS8nYF4rWfdLiz5twM=","DDlkoFjhiAsld+eTTys5s+2H/QRAlUQeFezllKdDAxg=","5yll3okDfWjQco5ToGa/Yvjq3EM4sSJZ6r4+HEe7iLo=","dGi/EiRaAW1ZQAjJ7VvO9yhb+ZiH6JvT4qWkzAZN4es=","expNxIL1aTMTskRYFlTTpXS6sHDjoplUuvgkIpbCkHw=","axbgkLAhwFotLgH97MSJlQeiZFPwYh3nagde6/qyzSk=","Gt/KSkJTbLFseiHqEA9hPsfqO6Z6YIls3gDsd47LGvc=","l+s2hKW9epKr3q0OjqsVU6LvNFfSmFFNk1RsYka/Xac=","/SpkD+HqVUS0H4Wz70Ijk1PwS7rix04IwNqacU61rfM=","Bnq23YV6lWhKNi6mC3LBJTPPl+IYnCvGr9cyweQrt9o=","L80t46MmbL6AR8ADEQFRGUSl5mFjQpGgZRfvBMpxWK0=","4hHh/n+5Coh/oeR6jFLsdloffjUTMLQpOSZk8ajr9vo=","KlKM/nxXLmeoFF2WRkWQxzjDl0wKnSeAJGKA18nZbm4=","fXhKjfSWq+t1/oZW0Jf/CttJMG6ZiRrWqHQ2qo3/06k=","AJwdkszPEmFwW7wvp3IaDFfow7+nenYPqmOVfOOp0Wk=","AUrjiUIHoUf7eL+LedJYahvOGNYWS3nRGfllvnreoDA=","Gw8w3CbN2eJ6jjJ9b59twdu1PO01nABBUJGnDclz3i8=","WOMFO+16eF+JlAo1vFFmfZxZL5YPXxAeOrD8HboyPso=","hFIQSGE5j10yBA4iJOuNkDTeSBV0CUEDp9g+NVLidXU=","axQkFa7TBNX4ZnYMv/LkHAlJ3U2AcJ195jB9Ca7/oRE=","4Vea1h6LPoSm9xopZ0833KJtbExbpjkja97UnId05FI=","Tvc3tFeJjNbRGBTpD4+3PSYT9QPYjtoz1JYs6cie/ug=","OZVZ4hOTNXUa3VLlTLcfOyVri/cEXheZO7gy0JCSDsc=","mQS4Pgg4OLOJiBZumUKMx8F8P17Sn3lAtTsxvwoEP7k=","1a3AA2TIgxalcDarZPYFhDf5ZVadQ5suGMA9anm6p3k=","ek9WSu3vHDwnOPau9l4g/fBUoyiV9ssdna8zsVErhzc=","n3TtUL5xit7jmDbHFJO3QIiAOAtxAh2oa9RH/HO9gQM=","EsVaKEUTx3DpmyBdHOLFRs1kWlz61W83tTDnoyLt6gs=","M1qBGTWPpBupQ8Iezm7OY9wGltMjqI9qCwJGG9VyJ80=","XuNwv0dHSiaxzS/J7a0hROK38gntJsVn6NxjHBE/Hso=","3ZGfNViK7mfAvvv0IsAzrb3tNtVyGkFnfWt32I/JZmQ=","hprGOF+ZMC3iXL+nw9YZoJ7yYWzBL6/I9aMsGlNBCHM=","G9EFck9/SGojP1U0JsApF/6nbAxKC3bGVbLjbYvNvD8=","Ayg2xk3fmeqfz84vxLUxtCrBrJ4OS91NiJEPkU+k1rg=","UP7Xk4QMDWP0vwIQRVjLPbLoFkUOm4L9nOPnWmNAl58=","bs4HvXzuhmLA/Jd6FjZtomDS28luL3117UfMrgAHl/c=","wsSCCFLYFCNPYdP9f66dyVkriKTvopHHMpaSXu/H518=","9xCBT+FRtJqYmcwH5eVJAbLVOBhFbmIZzy/Yk6Iawqc=","k5Pqp8BlwqMQ6NZ5MclPci9KtLcOygWtlbCsp8304cA=","T7Zj/5IgvzQhXEFbg1cWpgr58BcYfxfxgD10XP0L0/4=","ZqnI1aZn6q4BppBxU3wL1z+/ahjD0yCuVvloLb9Fa1c=","jbeJRa/wikKTK1nCZhyueo0rDiu7kogafRixGnys1ac=","HIHwL3Mu4nA5McOslPHbAummSHRNSeSH6VunnS9Wg18=","6x6/CElC4kCJN6ef1qGbkVahA/tOIqQ2Bu9QXwtOkw8=","7MZ7DZzg9jlMzOHmphBBKefUUWZA02cpLTozyN1xZ68=","RpgKO34NNlcSUAJZdlKyoWfUAY91mnTNtESzJnTsaXE=","BdVNCYgr9R/Xc/1wKQdLfp2MCoX9QVFB20YykBp08LY=","L/xXf2/vpntmZHI3ua4LCAXBQMjdtUmRH3lavpaQSp4=","GtgQOWHDpY7gteg1FH8jhIVXnG72LM9zzhlXIz2XIpw=","BHYAfxj1aH+hd0/1yhodM++3kwg44XKSqbewcaMIhZU=","0nNkf2H5gbbACB8rANRQ13VEY+rUs213UITD/CZvzOw=","AYcbRFr+1myK+ThbzlZbw1UadhIFH0Z2px4u2JN2VJY=","9+iWE5O5jLyqduEwAyxQmd6eD29f5EpLwNwbU+/QLqo=","kr+yOrqkSS9fl320H86nXlyg9y8fSYG0OAJrBVM5yOw=","eFML6MHwy5QvUxfDHsEUFEkaQ289URtW5YMsjvzk9IA=","EUQ/BBlLl0xDUYIP0PcRSv/jh1S6oMN4ZRj6pW5XHao=","IvIV/bpiTBWNj12ie2kC0vjKF/tI2ihQRYJmIW09SOs=","zpS3/rG6VcbihAPrK6S0FdAcajWHS3suVD/fPW0+ikY=","ovsSaprJHJFNhwKMIiG3cez8hrqxoBAkGR+yzAoOX+g=","qs6qk/Yz0+tncwNQg+TWAElX67nMOhVKbXQsS6QGGPI=","uUhP6DTNo92PPlFeBSimgY61oGQJn08phE0tgjcok5I=","vcNkEXzxyj+JnExap8We+zYi6l08LOG+aNBeoPBQklk=","a2A9dCjw3i6z1SiDT5N2EZwbhXFIyjF57UsG3a9oDow=","RcswJROXUF6QclS3/FhP9q0LlH8pVnux8DzTkyAvZts=","7IBjYI7k72sv7r+zLBKEbypOyA3CO9Km4RArb/WVHN0=","QqC41wjHtF3uegHDjaoGStNy3nK+/CSvWI9abRuQsZ4=","Hz+zogec2pPQO9RDMC5OF0fftt7e8gffw+X8ZQNsgYE=","lmswLDCkMm65FTkpHbMpr2/mOqxXbEApTZLK/grKdKo=","nieGpySGXGDI7dAmQrZiD0wKitMl3kt8xeYqaGYB7tI=","yH+Ma4kdc0F//NIQpoB0drlzLah0Ko1D4c0PCAKFYrM=","om6tpi5LVapwMUZSvl8IOITWuty5RK1AIPsZlGQcJUs=","k4wTQoHibYbr1jEyb/Us/3Mg/6uL93kwvvlxe5bgApg=","MEEeMDeRlBwpIghVMme9k+c/1aOzVT75iM2upkGfalo=","UMNG35KIHLkx3Z+8/9ucaukwNd3BH+N7fs/EJRpbF+Q=","s0IPj0xGv1gojtORz2wPSMVpW+i5n5m0IYPWqrEsI2k=","sfEbe/Cg2OkZEynX/ebFCRDRnlnRN5VjnU89dpn6ctQ=","SKH3+tTJAho/7/L2v3QBVXqzyb2hNKmM1UQIfDCRpUA=","KtbqSFmAR7/X6n0usq56RWpIJrBGOlhFatk9byUsM44=","Jxmktj26TJnlXwmP/FjR4q3/HQq5q+9U4icm/ACVLXs=","iROLwpTufzWrqXQGrHUxxMStEolNRD6mPcdGl01s58U=","tHgzRmvN0BO13WYEF9/3zUkLH3YOf7sW4k6o3z1cs/o=","M7LsdMkcNdP+e4hXAZx4D0YXBdKd1cEJM86Wb5gaB+c=","RLhAmsCiWwqk54JeAKn5E0QXxrd2j1UZAXDbbixzk6s=","0IgarfJo/lQ78tYLtGz9L8vy4oHd7XW/whtdzKgXoLQ=","Zu1kA48Mc1s+Gs4jdEPh1C3BhOr7hiWeKkINizdkXqo=","sLo6m06G9mdt48tV3dMzUSUfab6hfRE6BnfAc1aBakY=","j62jJ0Qx4K1vbRZh+0Ff9lZt0tRMX2XsYFIIrtxycYU=","ClnlPX9oc01aOaIjluTSaJNpTd6Q7d5uFz+aLthrKgE=","xhbn99wMCc4YIBDKyBX8E+e8JqAIvKmxbJneAduSaj4=","vB+RRSiTwRZAtpDPVlFJKBsXcnzXMIJ/mD+X5LOUv8Q=","9NKfJvQXlG3rtud2kREq9ja/zkpimSzan+SJD8OIPPo=","kmlz9EIyoDl0RBWFx2CjPbt+sjuCwLUHu36xBM/fJPU=","Gw8/otLtIs01utevgPo8PG1C2cI/ZN3Te0vaVulh9lA=","4HInSUCCToM9UC5s3Uyrh3Ud/JnH6UQgj+zrrXgb7C8=","4geOvEjhd13q1dAS/VqohZyRDw694H+VvOHy/DIjs0I=","/2zjzQQS8Zfodh/7e/caj7Xbfp4XKqe6aS6rft8aNz0=","4Rz1uFiAiZ11sRo1mPIyg1NNbhu4KYDP7XSRxoVTPGA=","7mq44H3XyqYZ1pHMrRptIJMvAHGNI8UI6Xkhv3IGu3Q=","+x410/I+jKOpX1BTJVYYBAZ2hV45xOAQkkfgrFYweRQ=","2jKvzRo9nRJ8z33qWw8jMsLkGApKqF8gviCpV7VzHEs=","X9PV+30PZ/MYYfU4whblN1mql7oNy9I89QsDPUvk1js=","GPW1Q+KebtAoFsD1UzHM3euoRph9JzAy9b1eSzL55cg=","4g2fLRm0kq1ijJbudPYuqfYqYE3sCOkgGUkqlulILxw=","kK9F/kjGO5Wfda5kP4X2d8cTvMSA8kb3IgPZJLzF+GU=","m6dyblTXnNttxNWVPrxysXnT0sZPW360BAty/0v6Vn8=","trOea6E338T7a7sRgeRC4B9j1b6bljAviQoRfMZleNI=","hROzrK4FuF1s2he+LehXxJ6mLGHv7gZ266LnDkDagr8=","92IUGXuCFx2Kb5z9rphjGyFEONqbCQHSFkgb/pXJQqI=","3B/4qu4a2vSVz8aEkU1KTXg0jXDXHPzl3vSpiCZgPr4=","817TAMdHZSz0tFP0GEk2ikYeZyGy1oeMHf4Ffu3c2nQ=","ziZzfWlzr68U3RISiAE5RBCZmZg+l4UA7rf28HdZJzw=","BkZ3IrmhcDzVa2h1Y2rKo7dL3k3OmZcM5/DSxizWFfg=","S6UM7wBVw3enJgHMW10dQkwWTvA9AW9rs9Ep71E2PFQ=","qf5xlI6buEvM1fLvd7WN8hOPelvMu/SkRDOrfuu0V0Y=","w1VAYZF6wC1wjohK8ehvRwtBNULkdj5FBH3wadCHG4E=","ARpm2ZnwkU0GcQfvIworjOO5QdmKmA7jsSvlzGAJElY=","Nw/Egfj04h5ulsyHsda65PKRt9dNgrRKqc/UvWWGTms=","gJV3qbVah7Nd89M2Jh41J842wGP0FYa5PSQMB4RL5Zc=","6yuwMdLHC8oCJEprdSY8CjPRBuX2u+zPlVNzq6a6fgc=","iRrD4Ca2X9V6abos/HRWwKm7pKuGbA/yfuhtGRpf1RM=","SWTczU0Kz7kXY+oQqutQ3IBZ9sMrhGDEmKSMSoiCMdc=","NWvaUZJwSYmF+gY9PpN9b6QULSpmOE3GQ83q99J/a1I=","37GjJ0YXda0NvE3b1fLKTSFsF23gsxfq4BubYV0qL1o=","ct+jrFmEOErBtzOiSzSp/F23ycal0HbwA0MuGUZgAVk=","VJCltZRhKAqtAQUTvNda7knmO02R1APS2oiINsC61yk=","rvu968fZRpJ6s4gEuB8ASBsZDm061LM3RAXeJTxbJu4=","VgBEekMYANhpYHAqu0e58nij3C03c2rVVIlPhnOnp9A=","XCW0vRFadM+9fQ1Ev5X3PeqPczlEkQiRfo0nPqRFMk0=","oL515ui+x3ldK+0aGJM+VpegORh9wCZQfqYjLeABTpk=","QaC2wDq5skJACN+JmiFC9pKRiuM8gfxvWURihmcDIpM=","QW0fdkOkMfXwRpewA7hPkzTzWtem2NYBSwlHG4A7aao=","9J0GCXJUR971+yN+a+es8hXMQzVA49Ds0+PlDnqBH78=","1oEEoRBkQsR3XqDaVKUs1Hg0EnbUA9IHJzfdLU7UOnk=","hXPx1SbWjYVNXjAPNFE2Y2udOMARKIx5/bOqeS0rrEc=","iy5uxLC9zLELWX+sIfDXdJs8TjgGjvE1W7Y84jdDMHs=","4xkSLTWo5qVDpU98mU6Jvspes2RxlzAgMFYumh32fhY=","lOkDxGdC3Ps7BUthu/a2DYRRLqLxQ49rypFpb8D/uoo=","WatdJjBKx0B7XR8EjYW8NyTGmxtHi3S5csQQ6jPU3DU=","FXSNm2hUFPBzTSTpLzLUr69s067gv4ALz/IgJC5A1RI=","xAMCpY3qy+cksG1EKOdXMFP4GEvklCz8QXuGgvCOvW0=","Fj9IqBIiyAnz1YcrU+bhsDofJcCPlvmTZAApBmCQCaw=","4Ii7HaYC5sl4cNhnJn88PsBz+Z0nKRnk2t8hV3el2m8=","vwLcGpGdzmsS1jN0Khc+1Dvn1ZkP6zZQi7ETAG0RrZo=","xmcpdf80rYs5/ath/LpQLhISNDdZsTZo9JNWmdprOXc=","IiIJ95BhH8fVJ0g38hhe/xik+bBNEXHoFEcjimb0FxY=","b/g4trzohU6LWaXLg9prdnMuvnN7G49qHbtV6sBD0bY=","FJFDaVcdLAYsoK64I1JTv/H/Datcpq1+Z4MyiiTMevU=","u6nW7a3Ij2PQ2q8kxBPiK9k1dn+B7+eupN2wpoaKkOM=","+GdwpmszYXEPb2szbdyMGOBC8G//Xv3JNqrPNsjFYfA=","cxZKGPglePwuFkyOaJwiKYWtlRnOF/+zXxKz2ZTT1pA=","1AK0LbuArk3UhlHu4LjswKDjwpUufEYAZzDoqFM0+YY=","AFjjd7vsavLGizZXEA89B6wQQV3pTEkwvAYUHEjgirk=","63ZtBVgDSgWFFW3D+oSsb+wOs9I4S8MRmxeBH6DjL+E=","ySPeMf3v3+L1UDDHk/79aw/FWZ7gzkuwv4RtgSbGqsw=","QyU191v+xR11tzrxbhlzD3fdITgD1wN+1rVPptaOgVM=","C7riKRrCcRni/FKO7G5sumZW01Cr+XcqX5288c+Noqc=","JgdQPHJxtVKwYq1OthYjW845SM0Nz+3M2DQc0zRxrHc="],"block_size":4096,"path":"data/rules.js"},{"block_hashes":["mrMPtvweY2b6HdpyMdZCSJPDx3pIpraDCbvLzR6u6xY="],"block_size":4096,"path":"LICENSE"}],"version":2}